{"stats":{"minecraft:broken":{"minecraft:iron_shovel":1,"minecraft:iron_pickaxe":6},"minecraft:custom":{"minecraft:interact_with_smithing_table":2,"minecraft:interact_with_anvil":3,"minecraft:mob_kills":77,"minecraft:interact_with_crafting_table":118,"minecraft:leave_game":8,"minecraft:time_since_death":129018,"minecraft:climb_one_cm":52145,"minecraft:sprint_one_cm":435439,"minecraft:walk_one_cm":1086862,"minecraft:drop":104,"minecraft:play_time":426932,"minecraft:deaths":2,"minecraft:sneak_time":47742,"minecraft:walk_under_water_one_cm":17955,"minecraft:boat_one_cm":114245,"minecraft:jump":3006,"minecraft:interact_with_blast_furnace":2,"minecraft:walk_on_water_one_cm":11194,"minecraft:total_world_time":427216,"minecraft:interact_with_furnace":94,"minecraft:sleep_in_bed":18,"minecraft:time_since_rest":9567,"minecraft:damage_absorbed":203,"minecraft:damage_taken":2986,"minecraft:damage_dealt":10942,"minecraft:player_kills":1,"minecraft:swim_one_cm":7796,"minecraft:fly_one_cm":461972,"minecraft:open_chest":357,"minecraft:crouch_one_cm":158526,"minecraft:fall_one_cm":63045},"minecraft:dropped":{"minecraft:water_bucket":1,"minecraft:iron_sword":1,"minecraft:porkchop":3,"minecraft:wheat_seeds":7,"minecraft:lapis_lazuli":53,"minecraft:cooked_beef":4,"minecraft:cooked_porkchop":4,"minecraft:iron_helmet":1,"minecraft:feather":22,"minecraft:cobblestone":17,"minecraft:leather":7,"minecraft:apple":4,"ecologics:crab_claw":1,"minecraft:spruce_door":1,"table_top_craft:chess_piece_figure":1,"minecraft:coal":14,"minecraft:golden_apple":65,"minecraft:dirt":5,"projectvibrantjourneys:fallen_leaves":5,"minecraft:brown_wool":1,"minecraft:snowball":11,"minecraft:iron_leggings":1,"minecraft:bone_meal":35,"minecraft:amethyst_shard":11,"minecraft:iron_axe":1,"pointblank:ammo12gauge":8,"projectvibrantjourneys:bark_mushroom":1,"pointblank:m1911a1":1,"pointblank:ammo45acp":36,"minecraft:spruce_sapling":6,"marbledsarsenal:cm6m_gas_mask":1,"minecraft:redstone":14,"minecraft:bone":5,"minecraft:gravel":4,"car:canola_seeds":3,"alexsmobs:animal_dictionary":1,"minecraft:cobbled_deepslate":48,"minecraft:tuff":26,"minecraft:chicken":1,"minecraft:rotten_flesh":9,"minecraft:light_gray_wool":1,"minecraft:oak_planks":26,"minecraft:white_bed":2,"minecraft:blast_furnace":1,"projectvibrantjourneys:light_brown_bark_mushroom":2,"minecraft:potato":2,"minecraft:gunpowder":4,"minecraft:quartz_block":2,"minecraft:leather_boots":1,"minecraft:oak_sapling":14,"minecraft:ladder":3,"minecraft:spider_eye":13,"minecraft:sandstone":1,"minecraft:arrow":2,"projectvibrantjourneys:cattail":2,"pointblank:hs12":1},"minecraft:used":{"projectvibrantjourneys:sandy_sprouts":4,"minecraft:iron_shovel":476,"farmersdelight:cabbage_seeds":2,"minecraft:ladder":12,"minecraft:chest":54,"minecraft:spruce_planks":420,"minecraft:iron_sword":266,"minecraft:cooked_chicken":8,"minecraft:iron_chestplate":2,"minecraft:torch":134,"minecraft:dirt":264,"minecraft:anvil":3,"minecraft:snowball":48,"minecraft:spruce_fence":80,"projectvibrantjourneys:fallen_leaves":6,"minecraft:iron_hoe":103,"minecraft:glass":53,"minecraft:stone_brick_slab":75,"minecraft:packed_ice":56,"minecraft:iron_axe":405,"minecraft:iron_helmet":2,"minecraft:iron_boots":1,"minecraft:stone_bricks":752,"minecraft:furnace":13,"minecraft:stone_pressure_plate":2,"minecraft:potato":5,"minecraft:cooked_beef":15,"minecraft:cobbled_deepslate":78,"minecraft:iron_leggings":2,"minecraft:water_bucket":4,"minecraft:mossy_stone_bricks":25,"minecraft:spruce_door":6,"minecraft:baked_potato":1,"minecraft:oak_planks":68,"minecraft:cracked_stone_bricks":36,"minecraft:golden_apple":11,"minecraft:crafting_table":17,"minecraft:blast_furnace":4,"minecraft:white_bed":12,"minecraft:smoker":4,"minecraft:spruce_log":91,"minecraft:stone_button":2,"minecraft:bread":11,"minecraft:iron_pickaxe":2134,"minecraft:iron_door":3,"minecraft:spruce_trapdoor":7,"minecraft:diamond_sword":77,"minecraft:cobblestone":280,"travelersbackpack:standard":4,"minecraft:smithing_table":2,"minecraft:bucket":5,"minecraft:ice":1},"minecraft:mined":{"minecraft:stone_pressure_plate":1,"minecraft:tuff":22,"minecraft:spruce_planks":95,"minecraft:farmland":1,"minecraft:white_bed":12,"minecraft:deepslate_diamond_ore":2,"projectvibrantjourneys:rocks":5,"minecraft:spruce_trapdoor":5,"minecraft:ladder":7,"minecraft:spruce_fence":21,"minecraft:grass_block":127,"minecraft:spruce_leaves":16,"minecraft:sandstone":1,"minecraft:raw_iron_block":4,"minecraft:redstone_ore":2,"minecraft:furnace":7,"minecraft:iron_ore":2,"minecraft:cobbled_deepslate":27,"minecraft:snow":4,"minecraft:anvil":3,"minecraft:deepslate_lapis_ore":18,"minecraft:bookshelf":4,"minecraft:potatoes":33,"minecraft:deepslate_iron_ore":63,"minecraft:packed_ice":862,"minecraft:stone":337,"minecraft:smithing_table":1,"projectvibrantjourneys:cattail":1,"minecraft:deepslate_redstone_ore":7,"minecraft:quartz_block":2,"minecraft:glass_pane":2,"minecraft:infested_stone_bricks":2,"minecraft:snow_block":17,"minecraft:stone_brick_slab":14,"minecraft:spruce_door":3,"minecraft:crafting_table":10,"minecraft:torch":17,"projectvibrantjourneys:twigs":2,"minecraft:chest":39,"farmersdelight:cabbages":2,"minecraft:tall_grass":78,"minecraft:cobblestone":135,"projectvibrantjourneys:fallen_leaves":6,"minecraft:deepslate_gold_ore":13,"minecraft:lapis_ore":2,"minecraft:oak_planks":16,"minecraft:sugar_cane":4,"minecraft:iron_door":3,"minecraft:wall_torch":15,"minecraft:ice":7,"minecraft:spruce_log":121,"projectvibrantjourneys:bones":4,"minecraft:grass":169,"minecraft:oak_log":32,"minecraft:coal_ore":71,"projectvibrantjourneys:short_grass":41,"minecraft:sand":117,"minecraft:dirt":211,"minecraft:cobweb":2,"minecraft:cracked_stone_bricks":40,"minecraft:stone_bricks":447,"minecraft:gold_ore":3,"minecraft:mossy_stone_bricks":31,"minecraft:oak_leaves":4,"minecraft:deepslate":45},"minecraft:killed":{"hordes:zombie_player":1,"minecraft:spider":15,"minecraft:slime":3,"minecraft:phantom":1,"minecraft:skeleton":3,"minecraft:chicken":17,"minecraft:pig":7,"minecraft:creeper":5,"minecraft:sheep":5,"minecraft:zombie":6,"minecraft:cow":14},"minecraft:picked_up":{"minecraft:iron_chestplate":3,"minecraft:crafting_table":13,"minecraft:anvil":3,"minecraft:chicken":16,"minecraft:ladder":6,"minecraft:smithing_table":1,"minecraft:diamond_sword":1,"minecraft:shield":1,"minecraft:string":52,"minecraft:iron_axe":4,"minecraft:iron_leggings":4,"minecraft:iron_shovel":2,"minecraft:cracked_stone_bricks":37,"minecraft:cobbled_deepslate":132,"minecraft:spruce_planks":145,"minecraft:beef":43,"projectvibrantjourneys:sandy_sprouts":6,"minecraft:iron_nugget":5,"minecraft:iron_pickaxe":3,"minecraft:light_gray_wool":3,"minecraft:sugar_cane":18,"minecraft:chest":39,"farmersdelight:cabbage_seeds":2,"minecraft:spruce_trapdoor":5,"minecraft:furnace":7,"ecologics:crab_claw":1,"minecraft:iron_boots":3,"minecraft:egg":10,"minecraft:stone":5,"minecraft:stick":59,"minecraft:raw_iron":98,"minecraft:sandstone":2,"projectvibrantjourneys:bark_mushroom":1,"minecraft:torch":108,"minecraft:spruce_fence":33,"minecraft:porkchop":30,"minecraft:stone_button":1,"minecraft:redstone":145,"minecraft:stone_pressure_plate":1,"minecraft:black_dye":2,"minecraft:quartz_block":2,"minecraft:arrow":4,"pointblank:ak47":1,"minecraft:rotten_flesh":9,"projectvibrantjourneys:cattail":2,"minecraft:gold_ingot":8,"minecraft:mutton":12,"minecraft:snowball":91,"minecraft:white_wool":8,"minecraft:cobblestone":485,"minecraft:feather":22,"minecraft:cooked_beef":13,"minecraft:iron_door":3,"minecraft:water_bucket":1,"projectvibrantjourneys:fallen_leaves":12,"minecraft:brown_wool":3,"minecraft:leather":28,"minecraft:potato":40,"minecraft:flint":1,"minecraft:tuff":26,"minecraft:oak_log":31,"max_armory:diamond_katana":1,"minecraft:gunpowder":12,"minecraft:lapis_lazuli":285,"minecraft:dirt":364,"minecraft:cooked_mutton":6,"minecraft:glass":15,"minecraft:bone":32,"minecraft:apple":6,"minecraft:stone_bricks":411,"minecraft:bow":1,"minecraft:wheat_seeds":33,"minecraft:raw_gold":16,"minecraft:iron_ingot":179,"minecraft:mossy_stone_bricks":28,"minecraft:iron_sword":4,"minecraft:oak_planks":39,"minecraft:book":24,"projectvibrantjourneys:light_brown_bark_mushroom":3,"pointblank:glock17":1,"minecraft:cooked_porkchop":22,"minecraft:stone_brick_slab":26,"car:canola_seeds":10,"minecraft:raw_iron_block":4,"minecraft:gravel":4,"minecraft:sand":178,"minecraft:amethyst_shard":11,"minecraft:blast_furnace":1,"minecraft:spruce_sapling":50,"minecraft:white_bed":14,"minecraft:spruce_log":289,"minecraft:spruce_door":3,"minecraft:spider_eye":15,"minecraft:slime_ball":4,"minecraft:diamond":4,"minecraft:iron_helmet":4,"minecraft:bone_meal":106,"minecraft:golden_apple":111,"minecraft:baked_potato":45,"minecraft:oak_sapling":14,"minecraft:coal":145},"minecraft:crafted":{"minecraft:smooth_stone":21,"minecraft:oak_planks":124,"minecraft:raw_iron":36,"minecraft:tripwire_hook":2,"minecraft:iron_nugget":18,"minecraft:cooked_chicken":15,"pointblank_recipes:ar_kit":1,"minecraft:furnace":14,"minecraft:stone_button":1,"minecraft:blast_furnace":4,"minecraft:piston":2,"minecraft:stone":26,"minecraft:lever":1,"minecraft:bone_meal":36,"minecraft:spruce_fence":69,"minecraft:flint_and_steel":1,"minecraft:glass":50,"pointblank_recipes:ironbarrel_1":2,"minecraft:stone_brick_slab":72,"minecraft:repeater":1,"minecraft:iron_axe":4,"minecraft:ladder":9,"minecraft:iron_hoe":1,"pointblank_recipes:handgun_kit":1,"minecraft:stone_pressure_plate":1,"minecraft:chest":16,"minecraft:black_wool":2,"minecraft:smoker":4,"minecraft:cooked_beef":31,"pointblank:glock17":1,"minecraft:diamond_sword":1,"pointblank_recipes:ammo_kit":2,"minecraft:cooked_porkchop":18,"minecraft:crafting_table":5,"minecraft:spruce_planks":656,"travelersbackpack:backpack_tank":2,"minecraft:baked_potato":34,"travelersbackpack:standard":1,"pointblank_recipes:goldbarrel_1":1,"minecraft:spruce_door":6,"minecraft:smithing_table":1,"travelersbackpack:black_sleeping_bag":1,"minecraft:bucket":2,"minecraft:air":0,"minecraft:spruce_trapdoor":2,"pointblank:ak47":1,"minecraft:golden_apple":2,"minecraft:shield":1,"minecraft:stick":112,"minecraft:iron_ingot":134,"minecraft:iron_pickaxe":11,"minecraft:iron_shovel":3,"minecraft:gold_ingot":16,"minecraft:redstone_torch":2,"pointblank:ammo762":32,"minecraft:torch":88}},"DataVersion":3465}