{"stats":{"minecraft:used":{"minecraft:iron_shovel":133,"beansbackpacks:upgraded_backpack":1,"minecraft:chest":20,"minecraft:spruce_planks":388,"minecraft:iron_sword":266,"minecraft:cooked_chicken":8,"minecraft:iron_chestplate":1,"minecraft:torch":87,"minecraft:dirt":109,"minecraft:stone_brick_slab":12,"minecraft:packed_ice":56,"minecraft:iron_axe":239,"minecraft:iron_helmet":1,"minecraft:iron_boots":1,"minecraft:stone_bricks":88,"minecraft:furnace":5,"minecraft:cooked_beef":15,"beansbackpacks:backpack":1,"minecraft:cobbled_deepslate":78,"minecraft:iron_leggings":1,"minecraft:mossy_stone_bricks":20,"minecraft:spruce_door":2,"minecraft:oak_planks":68,"minecraft:cracked_stone_bricks":26,"minecraft:golden_apple":10,"minecraft:crafting_table":8,"minecraft:white_bed":5,"minecraft:bread":2,"minecraft:iron_pickaxe":1320,"minecraft:diamond_sword":77,"minecraft:cobblestone":104,"minecraft:ice":1},"minecraft:killed":{"hordes:zombie_player":1,"minecraft:spider":15,"minecraft:slime":3,"minecraft:skeleton":3,"minecraft:chicken":17,"minecraft:pig":7,"minecraft:creeper":5,"minecraft:sheep":5,"minecraft:zombie":6,"minecraft:cow":12},"minecraft:mined":{"minecraft:tuff":22,"minecraft:spruce_planks":40,"minecraft:white_bed":6,"minecraft:deepslate_diamond_ore":2,"projectvibrantjourneys:rocks":4,"minecraft:ladder":2,"minecraft:grass_block":43,"minecraft:spruce_leaves":16,"minecraft:sandstone":1,"minecraft:raw_iron_block":4,"minecraft:redstone_ore":2,"minecraft:furnace":3,"minecraft:iron_ore":2,"minecraft:cobbled_deepslate":27,"minecraft:snow":4,"minecraft:deepslate_lapis_ore":18,"minecraft:bookshelf":4,"minecraft:deepslate_iron_ore":63,"minecraft:packed_ice":549,"minecraft:stone":111,"projectvibrantjourneys:cattail":1,"minecraft:deepslate_redstone_ore":7,"minecraft:glass_pane":2,"minecraft:infested_stone_bricks":2,"minecraft:snow_block":17,"minecraft:crafting_table":4,"minecraft:torch":7,"projectvibrantjourneys:twigs":2,"minecraft:chest":13,"minecraft:tall_grass":27,"minecraft:cobblestone":46,"minecraft:deepslate_gold_ore":13,"minecraft:lapis_ore":2,"minecraft:oak_planks":14,"minecraft:sugar_cane":4,"minecraft:wall_torch":9,"minecraft:spruce_log":102,"projectvibrantjourneys:bones":4,"minecraft:grass":39,"minecraft:oak_log":32,"minecraft:coal_ore":70,"projectvibrantjourneys:short_grass":13,"minecraft:dirt":76,"minecraft:cobweb":2,"minecraft:cracked_stone_bricks":37,"minecraft:stone_bricks":297,"minecraft:gold_ore":3,"minecraft:mossy_stone_bricks":24,"minecraft:oak_leaves":4,"minecraft:deepslate":45},"minecraft:picked_up":{"minecraft:iron_chestplate":2,"minecraft:crafting_table":6,"minecraft:chicken":16,"minecraft:ladder":1,"minecraft:diamond_sword":1,"minecraft:shield":1,"minecraft:string":52,"minecraft:iron_axe":3,"minecraft:iron_leggings":3,"minecraft:iron_shovel":1,"minecraft:cracked_stone_bricks":34,"minecraft:cobbled_deepslate":132,"minecraft:spruce_planks":96,"minecraft:beef":39,"minecraft:iron_nugget":5,"minecraft:iron_pickaxe":2,"minecraft:light_gray_wool":3,"minecraft:sugar_cane":18,"minecraft:chest":13,"minecraft:furnace":3,"ecologics:crab_claw":1,"minecraft:iron_boots":2,"minecraft:egg":10,"minecraft:stick":59,"minecraft:raw_iron":98,"minecraft:sandstone":2,"projectvibrantjourneys:bark_mushroom":1,"minecraft:torch":69,"minecraft:porkchop":30,"minecraft:redstone":145,"minecraft:arrow":4,"pointblank:ak47":1,"minecraft:rotten_flesh":9,"projectvibrantjourneys:cattail":2,"minecraft:gold_ingot":8,"minecraft:mutton":12,"minecraft:snowball":91,"minecraft:white_wool":6,"minecraft:cobblestone":170,"minecraft:feather":22,"minecraft:cooked_beef":5,"minecraft:water_bucket":1,"projectvibrantjourneys:fallen_leaves":4,"minecraft:brown_wool":3,"minecraft:leather":25,"minecraft:potato":2,"minecraft:flint":1,"minecraft:tuff":26,"minecraft:oak_log":31,"max_armory:diamond_katana":1,"minecraft:gunpowder":12,"minecraft:lapis_lazuli":285,"minecraft:dirt":158,"minecraft:bone":26,"minecraft:apple":6,"minecraft:stone_bricks":277,"minecraft:bow":1,"minecraft:wheat_seeds":7,"minecraft:raw_gold":16,"minecraft:iron_ingot":179,"minecraft:mossy_stone_bricks":21,"minecraft:iron_sword":4,"minecraft:oak_planks":37,"minecraft:book":24,"projectvibrantjourneys:light_brown_bark_mushroom":3,"pointblank:glock17":1,"minecraft:cooked_porkchop":4,"car:canola_seeds":3,"minecraft:raw_iron_block":4,"minecraft:gravel":4,"minecraft:amethyst_shard":11,"minecraft:spruce_sapling":50,"minecraft:white_bed":7,"minecraft:spruce_log":102,"minecraft:spider_eye":15,"minecraft:slime_ball":4,"minecraft:diamond":4,"minecraft:iron_helmet":3,"minecraft:bone_meal":36,"minecraft:golden_apple":57,"minecraft:oak_sapling":14,"minecraft:coal":143},"minecraft:broken":{"minecraft:iron_pickaxe":3},"minecraft:custom":{"minecraft:mob_kills":74,"minecraft:interact_with_crafting_table":49,"minecraft:leave_game":6,"minecraft:time_since_death":87053,"minecraft:climb_one_cm":3755,"minecraft:sprint_one_cm":280634,"minecraft:walk_one_cm":579116,"minecraft:drop":90,"minecraft:play_time":222049,"minecraft:deaths":1,"minecraft:sneak_time":17060,"minecraft:walk_under_water_one_cm":3898,"minecraft:boat_one_cm":114245,"minecraft:jump":2218,"minecraft:walk_on_water_one_cm":8259,"minecraft:total_world_time":222333,"minecraft:interact_with_furnace":48,"minecraft:sleep_in_bed":7,"minecraft:time_since_rest":47775,"minecraft:damage_absorbed":203,"minecraft:damage_taken":2367,"minecraft:damage_dealt":10224,"minecraft:player_kills":1,"minecraft:swim_one_cm":6355,"minecraft:fly_one_cm":379238,"minecraft:open_chest":61,"minecraft:crouch_one_cm":48145,"minecraft:fall_one_cm":52569},"minecraft:dropped":{"minecraft:water_bucket":1,"minecraft:iron_sword":1,"minecraft:porkchop":3,"minecraft:wheat_seeds":7,"minecraft:lapis_lazuli":53,"minecraft:cooked_beef":4,"minecraft:cooked_porkchop":4,"minecraft:iron_helmet":1,"minecraft:feather":22,"minecraft:cobblestone":17,"minecraft:leather":7,"minecraft:apple":4,"ecologics:crab_claw":1,"minecraft:coal":14,"minecraft:golden_apple":65,"minecraft:dirt":2,"projectvibrantjourneys:fallen_leaves":3,"minecraft:brown_wool":1,"minecraft:snowball":11,"minecraft:iron_leggings":1,"minecraft:amethyst_shard":11,"minecraft:iron_axe":1,"pointblank:ammo12gauge":8,"beansbackpacks:backpack":1,"projectvibrantjourneys:bark_mushroom":1,"pointblank:m1911a1":1,"pointblank:ammo45acp":36,"minecraft:spruce_sapling":6,"marbledsarsenal:cm6m_gas_mask":1,"minecraft:redstone":14,"minecraft:bone":2,"minecraft:gravel":4,"car:canola_seeds":3,"alexsmobs:animal_dictionary":1,"minecraft:cobbled_deepslate":48,"minecraft:tuff":26,"minecraft:chicken":1,"minecraft:rotten_flesh":9,"minecraft:light_gray_wool":1,"minecraft:oak_planks":26,"minecraft:white_bed":1,"projectvibrantjourneys:light_brown_bark_mushroom":2,"minecraft:potato":2,"minecraft:gunpowder":4,"minecraft:leather_boots":1,"minecraft:oak_sapling":14,"minecraft:ladder":1,"minecraft:spider_eye":13,"minecraft:sandstone":1,"minecraft:arrow":2,"projectvibrantjourneys:cattail":2,"pointblank:hs12":1},"minecraft:crafted":{"minecraft:oak_planks":124,"minecraft:raw_iron":36,"minecraft:tripwire_hook":2,"minecraft:iron_nugget":18,"minecraft:cooked_chicken":15,"pointblank_recipes:ar_kit":1,"minecraft:furnace":2,"minecraft:piston":2,"minecraft:stone":3,"minecraft:lever":1,"minecraft:bone_meal":36,"minecraft:flint_and_steel":1,"pointblank_recipes:ironbarrel_1":2,"minecraft:stone_brick_slab":12,"minecraft:repeater":1,"minecraft:iron_axe":3,"pointblank_recipes:handgun_kit":1,"minecraft:chest":7,"minecraft:cooked_beef":23,"pointblank:glock17":1,"minecraft:diamond_sword":1,"pointblank_recipes:ammo_kit":2,"minecraft:crafting_table":2,"minecraft:spruce_planks":408,"pointblank_recipes:goldbarrel_1":1,"minecraft:spruce_door":3,"minecraft:air":0,"pointblank:ak47":1,"minecraft:golden_apple":2,"minecraft:shield":1,"minecraft:stick":24,"minecraft:iron_ingot":134,"minecraft:iron_pickaxe":7,"minecraft:iron_shovel":1,"minecraft:gold_ingot":16,"minecraft:redstone_torch":2,"pointblank:ammo762":32,"minecraft:torch":88,"beansbackpacks:backpack":2}},"DataVersion":3465}