{"stats":{"minecraft:broken":{"minecraft:wooden_axe":1},"minecraft:mined":{"minecraft:deepslate_redstone_ore":2,"minecraft:mossy_cobblestone":3,"minecraft:dark_oak_leaves":5,"minecraft:deepslate_diamond_ore":2,"minecraft:sculk_vein":8,"minecraft:dark_oak_log":8,"biomesoplenty:black_sand":14,"minecraft:crafting_table":5,"minecraft:torch":2,"biomesoplenty:bush":1,"minecraft:grass_block":2,"minecraft:melon":76,"minecraft:jungle_log":1,"minecraft:sculk_sensor":10,"galosphere:silver_ore":1,"minecraft:tall_grass":1,"minecraft:cobblestone":5,"biomesoplenty:sprout":1,"minecraft:deepslate_gold_ore":10,"minecraft:sculk":16,"minecraft:wall_torch":2,"supplementaries:urn":1,"minecraft:furnace":6,"biomesoplenty:orange_cosmos":1,"minecraft:iron_ore":23,"treechop:chopped_log":3,"minecraft:deepslate_lapis_ore":8,"minecraft:grass":5,"minecraft:coal_ore":3,"minecraft:deepslate_iron_ore":13,"minecraft:dirt":9,"minecraft:stone":36,"minecraft:oak_leaves":1,"minecraft:deepslate":15,"minecraft:fern":49},"minecraft:used":{"biomesoplenty:black_sand":14,"minecraft:stone_pickaxe":63,"minecraft:wooden_pickaxe":39,"minecraft:torch":12,"minecraft:dirt":6,"minecraft:crafting_table":7,"minecraft:wooden_axe":87,"minecraft:iron_axe":1,"minecraft:melon_slice":38,"minecraft:iron_pickaxe":39,"minecraft:jungle_log":2,"minecraft:stone_axe":104,"minecraft:rabbit_stew":1,"minecraft:cobblestone":24,"minecraft:furnace":6,"tombstone:gift":2,"alexsmobs:animal_dictionary":4,"minecraft:cobbled_deepslate":1,"minecraft:dark_oak_sapling":3},"minecraft:picked_up":{"minecraft:crafting_table":5,"minecraft:feather":2,"minecraft:chicken":2,"minecraft:glow_ink_sac":3,"minecraft:jungle_log":8,"minecraft:dirt":13,"minecraft:lapis_lazuli":50,"biomesoplenty:stripped_mahogany_log":1,"minecraft:wheat_seeds":4,"minecraft:raw_gold":10,"biomesoplenty:black_sand":14,"minecraft:cobbled_deepslate":16,"minecraft:fletching_table":1,"galosphere:raw_silver":1,"minecraft:melon_slice":355,"delightful:green_tea_leaf":2,"crittersandcompanions:clam":5,"minecraft:furnace":6,"minecraft:dark_oak_sapling":3,"minecraft:stick":8,"minecraft:raw_iron":35,"minecraft:torch":4,"minecraft:redstone":9,"minecraft:dark_oak_log":8,"minecraft:barrel":1,"minecraft:mossy_cobblestone":1,"minecraft:dark_oak_planks":14,"biomesoplenty:mahogany_log":65,"minecraft:rotten_flesh":2,"minecraft:diamond":2,"biomesoplenty:mahogany_sapling":4,"minecraft:emerald":4,"supplementaries:ash":1,"biomesoplenty:orange_cosmos":1,"minecraft:mutton":5,"minecraft:coal":3,"minecraft:white_wool":3,"minecraft:cobblestone":50},"minecraft:crafted":{"minecraft:crafting_table":3,"biomesoplenty:mahogany_planks":48,"minecraft:wooden_pickaxe":1,"minecraft:cooked_chicken":2,"minecraft:iron_helmet":1,"minecraft:iron_sword":1,"minecraft:furnace":1,"minecraft:stone_axe":2,"minecraft:cooked_mutton":5,"minecraft:air":0,"minecraft:iron_chestplate":1,"minecraft:iron_boots":1,"minecraft:charcoal":6,"minecraft:shield":1,"minecraft:iron_axe":1,"minecraft:stick":28,"minecraft:iron_ingot":33,"minecraft:iron_pickaxe":1,"minecraft:stone_pickaxe":1,"minecraft:wooden_axe":1,"minecraft:iron_leggings":1,"minecraft:white_bed":1,"minecraft:dark_oak_planks":32,"minecraft:torch":24},"minecraft:killed":{"minecraft:sheep":4,"minecraft:zombie":1,"minecraft:chicken":2,"minecraft:drowned":5,"minecraft:glow_squid":1},"minecraft:dropped":{"minecraft:stone_axe":1,"minecraft:wheat_seeds":4,"minecraft:cobbled_deepslate":9,"minecraft:mossy_cobblestone":1,"minecraft:rotten_flesh":2,"delightful:green_tea_leaf":2,"biomesoplenty:orange_cosmos":1,"minecraft:dirt":5,"galosphere:raw_silver":1,"minecraft:wooden_pickaxe":1,"biomesoplenty:mahogany_sapling":4,"biomesoplenty:stripped_mahogany_log":1},"minecraft:custom":{"minecraft:interact_with_furnace":20,"minecraft:mob_kills":13,"minecraft:interact_with_crafting_table":21,"minecraft:open_barrel":6,"minecraft:leave_game":2,"minecraft:time_since_death":59407,"minecraft:climb_one_cm":1754,"minecraft:time_since_rest":58277,"minecraft:sprint_one_cm":101090,"minecraft:damage_taken":990,"minecraft:walk_one_cm":174239,"minecraft:drop":16,"minecraft:damage_dealt":1810,"minecraft:swim_one_cm":5838,"minecraft:fly_one_cm":182055,"minecraft:crouch_one_cm":2356,"minecraft:sneak_time":1625,"minecraft:play_time":86315,"tombstone:undead_killed":6,"minecraft:deaths":1,"minecraft:walk_under_water_one_cm":9336,"minecraft:jump":1250,"minecraft:walk_on_water_one_cm":4733,"minecraft:total_world_time":86315,"minecraft:fall_one_cm":45815}},"DataVersion":3465}