{"stats":{"minecraft:used":{"minecraft:iron_shovel":476,"farmersdelight:cabbage_seeds":2,"minecraft:ladder":13,"minecraft:chest":54,"minecraft:shield":10,"minecraft:iron_sword":266,"minecraft:iron_chestplate":2,"minecraft:snowball":48,"minecraft:spruce_boat":2,"minecraft:glass":53,"minecraft:packed_ice":56,"minecraft:coal_ore":2,"minecraft:iron_helmet":2,"minecraft:stone_bricks":768,"minecraft:bow":5,"minecraft:furnace":13,"minecraft:potato":85,"travelersbackpack:spider":3,"minecraft:mossy_stone_bricks":28,"minecraft:spruce_door":6,"minecraft:oak_planks":68,"minecraft:golden_apple":19,"minecraft:glow_berries":2,"minecraft:golden_hoe":2,"minecraft:blast_furnace":4,"minecraft:bread":11,"minecraft:stone_button":2,"minecraft:diamond_ore":4,"minecraft:iron_door":3,"minecraft:diamond_sword":89,"minecraft:smithing_table":2,"minecraft:ice":1,"projectvibrantjourneys:sandy_sprouts":4,"minecraft:netherite_sword":10,"minecraft:spruce_planks":439,"minecraft:cooked_chicken":11,"minecraft:torch":165,"minecraft:dirt":264,"minecraft:anvil":3,"minecraft:spruce_stairs":1,"minecraft:spruce_fence":80,"minecraft:iron_hoe":103,"minecraft:stone_brick_slab":87,"projectvibrantjourneys:fallen_leaves":6,"minecraft:iron_axe":423,"minecraft:iron_boots":1,"minecraft:stone_pressure_plate":2,"minecraft:cooked_beef":15,"minecraft:cobbled_deepslate":78,"minecraft:iron_leggings":2,"minecraft:cooked_mutton":2,"minecraft:water_bucket":34,"minecraft:iron_ore":4,"minecraft:baked_potato":40,"minecraft:cracked_stone_bricks":40,"projectvibrantjourneys:sea_oats":1,"minecraft:crafting_table":18,"minecraft:white_bed":12,"minecraft:spruce_log":113,"minecraft:smoker":4,"minecraft:diamond_pickaxe":158,"minecraft:iron_pickaxe":2193,"minecraft:spruce_trapdoor":7,"minecraft:cobblestone":317,"travelersbackpack:standard":10,"minecraft:cooked_porkchop":4,"max_armory:diamond_katana":213,"minecraft:bucket":37},"minecraft:custom":{"minecraft:interact_with_crafting_table":129,"minecraft:open_barrel":12,"minecraft:leave_game":18,"minecraft:time_since_death":91149,"minecraft:sprint_one_cm":666807,"minecraft:damage_blocked_by_shield":360,"minecraft:drop":154,"minecraft:play_time":597653,"minecraft:deaths":5,"minecraft:jump":4786,"minecraft:walk_on_water_one_cm":31954,"minecraft:interact_with_furnace":99,"minecraft:sleep_in_bed":26,"minecraft:damage_dealt":19981,"minecraft:player_kills":1,"minecraft:crouch_one_cm":184856,"minecraft:interact_with_smoker":18,"minecraft:interact_with_smithing_table":4,"minecraft:mob_kills":109,"minecraft:interact_with_anvil":8,"minecraft:climb_one_cm":82436,"minecraft:walk_one_cm":1450357,"minecraft:sneak_time":58112,"minecraft:walk_under_water_one_cm":45214,"minecraft:boat_one_cm":190725,"minecraft:interact_with_blast_furnace":12,"minecraft:total_world_time":597937,"minecraft:time_since_rest":8158,"minecraft:damage_taken":6457,"minecraft:damage_absorbed":433,"minecraft:swim_one_cm":33090,"minecraft:fly_one_cm":712228,"minecraft:open_chest":592,"minecraft:fall_one_cm":103965},"minecraft:mined":{"minecraft:stone_pressure_plate":1,"minecraft:spruce_planks":100,"minecraft:white_bed":12,"minecraft:farmland":1,"minecraft:jungle_leaves":1,"minecraft:obsidian":8,"minecraft:spruce_trapdoor":5,"minecraft:grass_block":127,"minecraft:spawner":2,"minecraft:light_blue_stained_glass":2,"minecraft:magma_block":1,"minecraft:raw_iron_block":4,"minecraft:iron_ore":2,"minecraft:cobbled_deepslate":27,"minecraft:deepslate_lapis_ore":24,"minecraft:anvil":5,"projectvibrantjourneys:cattail":1,"minecraft:deepslate_redstone_ore":10,"minecraft:quartz_block":4,"minecraft:torch":18,"minecraft:light_gray_terracotta":1,"projectvibrantjourneys:twigs":2,"minecraft:chest":39,"farmersdelight:cabbages":2,"minecraft:glass":4,"minecraft:cobblestone":150,"minecraft:sugar_cane":4,"projectvibrantjourneys:fallen_leaves":6,"minecraft:oak_planks":16,"minecraft:iron_door":4,"minecraft:wall_torch":16,"projectvibrantjourneys:bones":4,"minecraft:grass":175,"minecraft:oak_log":32,"projectvibrantjourneys:short_grass":50,"minecraft:sand":124,"minecraft:dirt":219,"minecraft:oak_leaves":4,"minecraft:deepslate":56,"minecraft:light_blue_stained_glass_pane":1,"minecraft:tuff":22,"minecraft:deepslate_diamond_ore":13,"projectvibrantjourneys:rocks":6,"minecraft:ladder":8,"minecraft:spruce_fence":21,"minecraft:white_stained_glass":5,"minecraft:spruce_leaves":16,"minecraft:sandstone":1,"minecraft:redstone_ore":2,"minecraft:furnace":8,"minecraft:snow":4,"minecraft:gold_block":4,"minecraft:bookshelf":10,"minecraft:potatoes":111,"minecraft:deepslate_iron_ore":72,"minecraft:packed_ice":873,"minecraft:stone":391,"minecraft:smithing_table":1,"minecraft:glass_pane":5,"minecraft:infested_stone_bricks":2,"minecraft:snow_block":17,"minecraft:stone_brick_slab":14,"minecraft:spruce_door":3,"ecologics:thin_ice":1,"minecraft:crafting_table":11,"minecraft:tall_grass":80,"minecraft:lapis_ore":2,"minecraft:deepslate_gold_ore":21,"minecraft:spruce_stairs":1,"minecraft:birch_planks":4,"minecraft:ice":16,"minecraft:spruce_log":123,"k_turrets:titanium_ore":1,"minecraft:coal_ore":112,"minecraft:cobweb":8,"minecraft:cracked_stone_bricks":44,"minecraft:stone_bricks":457,"minecraft:mossy_stone_bricks":32,"minecraft:gold_ore":3},"minecraft:picked_up":{"minecraft:iron_chestplate":5,"minecraft:anvil":5,"minecraft:smithing_table":1,"minecraft:diamond_sword":2,"minecraft:string":72,"create:limestone":3,"minecraft:iron_leggings":7,"minecraft:cobbled_deepslate":154,"minecraft:spruce_planks":150,"minecraft:iron_pickaxe":5,"minecraft:furnace":8,"farmersdelight:cabbage_seeds":2,"ecologics:crab_claw":1,"minecraft:iron_boots":5,"minecraft:stick":59,"minecraft:torch":177,"minecraft:spruce_stairs":3,"minecraft:porkchop":30,"minecraft:black_dye":2,"minecraft:quartz_block":4,"minecraft:rotten_flesh":26,"projectvibrantjourneys:cattail":2,"minecraft:obsidian":8,"minecraft:iron_bars":1,"minecraft:snowball":91,"minecraft:cobblestone":567,"minecraft:magma_block":2,"minecraft:feather":22,"minecraft:cooked_beef":13,"minecraft:iron_door":4,"minecraft:water_bucket":3,"projectvibrantjourneys:fallen_leaves":12,"minecraft:brown_wool":3,"minecraft:dark_oak_boat":1,"minecraft:potato":333,"minecraft:flint":1,"minecraft:tuff":26,"max_armory:diamond_katana":3,"farmersdelight:chicken_sandwich":1,"minecraft:lapis_lazuli":329,"minecraft:dirt":367,"minecraft:glass":15,"minecraft:bone":40,"minecraft:bow":4,"minecraft:wheat_seeds":35,"minecraft:raw_gold":32,"minecraft:mossy_stone_bricks":29,"minecraft:oak_planks":39,"minecraft:cooked_porkchop":43,"car:canola_seeds":11,"minecraft:poisonous_potato":1,"minecraft:sand":178,"minecraft:diamond":26,"minecraft:spruce_boat":2,"minecraft:bone_meal":106,"minecraft:golden_apple":211,"minecraft:oak_sapling":14,"minecraft:diamond_pickaxe":1,"minecraft:crafting_table":14,"minecraft:chicken":16,"minecraft:ladder":7,"minecraft:gold_block":7,"minecraft:shield":3,"minecraft:iron_axe":6,"minecraft:iron_shovel":2,"minecraft:cracked_stone_bricks":41,"minecraft:beef":43,"projectvibrantjourneys:sandy_sprouts":6,"minecraft:iron_nugget":5,"minecraft:light_gray_wool":3,"minecraft:chest":39,"minecraft:sugar_cane":18,"minecraft:spruce_trapdoor":5,"minecraft:egg":10,"minecraft:raw_iron":116,"minecraft:sandstone":2,"minecraft:stone":5,"projectvibrantjourneys:bark_mushroom":1,"minecraft:spruce_fence":33,"minecraft:stone_button":1,"minecraft:redstone":175,"minecraft:stone_pressure_plate":1,"pointblank:ak47":3,"minecraft:arrow":17,"k_turrets:raw_titanium":1,"minecraft:gold_ingot":8,"minecraft:mutton":12,"minecraft:white_wool":8,"minecraft:leather":28,"minecraft:birch_planks":3,"minecraft:oak_log":31,"minecraft:cobblestone_wall":2,"minecraft:gunpowder":14,"projectvibrantjourneys:sea_oats":2,"minecraft:cooked_mutton":6,"minecraft:apple":6,"minecraft:stone_bricks":420,"minecraft:iron_ingot":179,"minecraft:iron_sword":4,"minecraft:book":60,"projectvibrantjourneys:light_brown_bark_mushroom":3,"pointblank:glock17":1,"minecraft:stone_brick_slab":26,"minecraft:raw_iron_block":4,"minecraft:gravel":4,"minecraft:amethyst_shard":11,"minecraft:spruce_sapling":50,"minecraft:blast_furnace":1,"minecraft:white_bed":14,"minecraft:spruce_log":305,"minecraft:spruce_door":3,"minecraft:spider_eye":22,"minecraft:slime_ball":4,"minecraft:iron_helmet":6,"minecraft:baked_potato":113,"minecraft:coal":185},"minecraft:crafted":{"minecraft:smooth_stone":21,"minecraft:oak_planks":124,"minecraft:cooked_chicken":15,"pointblank_recipes:ar_kit":1,"minecraft:stone":26,"minecraft:lever":2,"minecraft:glass":50,"minecraft:stone_brick_slab":72,"minecraft:bow":1,"minecraft:repeater":1,"minecraft:diamond_leggings":1,"minecraft:iron_boots":1,"minecraft:stone_pressure_plate":1,"minecraft:chest":16,"minecraft:black_wool":2,"minecraft:smoker":4,"pointblank:glock17":1,"minecraft:cooked_porkchop":18,"minecraft:crafting_table":6,"minecraft:spruce_planks":800,"travelersbackpack:standard":1,"minecraft:baked_potato":124,"minecraft:iron_helmet":1,"minecraft:spruce_door":6,"minecraft:smithing_table":1,"minecraft:spruce_trapdoor":2,"pointblank:ak47":1,"minecraft:iron_chestplate":1,"minecraft:diamond_pickaxe":1,"minecraft:shield":1,"minecraft:stick":116,"minecraft:iron_ingot":168,"minecraft:iron_pickaxe":11,"minecraft:gold_ingot":60,"minecraft:redstone_torch":2,"pointblank:ammo762":32,"pointblank:spas12":1,"pointblank_recipes:shotgun_kit":1,"minecraft:raw_iron":36,"minecraft:tripwire_hook":4,"minecraft:iron_nugget":18,"minecraft:furnace":14,"minecraft:stone_button":1,"minecraft:blast_furnace":4,"minecraft:piston":3,"minecraft:bone_meal":36,"minecraft:spruce_fence":69,"minecraft:flint_and_steel":1,"pointblank_recipes:ironbarrel_1":2,"minecraft:iron_axe":4,"minecraft:ladder":9,"minecraft:iron_hoe":1,"pointblank_recipes:handgun_kit":1,"minecraft:spruce_boat":1,"travelersbackpack:spider":2,"minecraft:cooked_beef":31,"minecraft:diamond_sword":1,"pointblank_recipes:ammo_kit":2,"travelersbackpack:backpack_tank":2,"minecraft:iron_sword":2,"pointblank_recipes:goldbarrel_1":1,"travelersbackpack:black_sleeping_bag":1,"pointblank_recipes:diamondbarrel_1":1,"minecraft:bucket":3,"minecraft:air":0,"minecraft:golden_apple":2,"minecraft:iron_shovel":3,"minecraft:torch":128},"minecraft:killed_by":{"minecraft:zombie":1,"minecraft:enderman":1,"hordes:zombie_player":1},"minecraft:broken":{"minecraft:iron_shovel":1,"minecraft:iron_boots":1,"minecraft:iron_pickaxe":6},"minecraft:killed":{"minecraft:spider":23,"minecraft:skeleton":10,"minecraft:guardian":1,"minecraft:chicken":17,"minecraft:pig":7,"minecraft:zombie_villager":2,"minecraft:creeper":5,"minecraft:sheep":5,"minecraft:zombie":14,"minecraft:cow":14,"hordes:zombie_player":2,"minecraft:slime":3,"minecraft:phantom":5,"minecraft:drowned":1},"minecraft:dropped":{"minecraft:iron_sword":1,"minecraft:birch_planks":1,"minecraft:porkchop":3,"minecraft:lapis_lazuli":53,"minecraft:cooked_beef":4,"minecraft:cooked_porkchop":16,"minecraft:leather":7,"table_top_craft:chess_piece_figure":1,"minecraft:dirt":8,"projectvibrantjourneys:fallen_leaves":5,"minecraft:snowball":11,"minecraft:amethyst_shard":11,"minecraft:bone_meal":35,"minecraft:dark_oak_boat":1,"projectvibrantjourneys:bark_mushroom":1,"pointblank:m1911a1":1,"minecraft:bone":5,"minecraft:gravel":4,"alexsmobs:animal_dictionary":1,"minecraft:cobbled_deepslate":59,"minecraft:rotten_flesh":22,"minecraft:oak_planks":26,"minecraft:white_bed":2,"projectvibrantjourneys:light_brown_bark_mushroom":2,"minecraft:gunpowder":4,"minecraft:quartz_block":4,"minecraft:leather_boots":1,"create:limestone":2,"k_turrets:raw_titanium":1,"minecraft:ladder":3,"minecraft:iron_bars":1,"minecraft:arrow":2,"projectvibrantjourneys:cattail":2,"pointblank:hs12":1,"minecraft:water_bucket":2,"minecraft:wheat_seeds":8,"minecraft:bookshelf":2,"minecraft:poisonous_potato":1,"minecraft:iron_helmet":2,"minecraft:feather":22,"minecraft:cobblestone":17,"minecraft:book":40,"minecraft:apple":4,"ecologics:crab_claw":1,"minecraft:spruce_door":1,"minecraft:coal":14,"minecraft:golden_apple":77,"minecraft:brown_wool":1,"minecraft:iron_leggings":3,"minecraft:iron_axe":1,"pointblank:ammo12gauge":8,"pointblank:ammo45acp":36,"minecraft:spruce_sapling":6,"minecraft:stone_brick_slab":1,"minecraft:redstone":14,"marbledsarsenal:cm6m_gas_mask":1,"car:canola_seeds":3,"minecraft:cobblestone_wall":2,"minecraft:tuff":26,"minecraft:chicken":1,"minecraft:light_gray_wool":1,"minecraft:blast_furnace":1,"minecraft:potato":2,"minecraft:iron_chestplate":1,"minecraft:mossy_stone_bricks":1,"minecraft:oak_sapling":14,"minecraft:spider_eye":13,"minecraft:sandstone":1,"minecraft:magma_block":2}},"DataVersion":3465}