{"stats":{"minecraft:crafted":{"minecraft:black_dye":1,"minecraft:oak_planks":68,"minecraft:stone_shovel":1,"biomesoplenty:mahogany_planks":132,"minecraft:cooked_chicken":2,"minecraft:furnace":1,"minecraft:cooked_mutton":5,"minecraft:glass":30,"travelersbackpack:white_sleeping_bag":1,"minecraft:iron_boots":1,"minecraft:iron_axe":1,"minecraft:stone_pickaxe":1,"autumnity:maple_planks":52,"minecraft:dark_oak_planks":32,"minecraft:black_wool":1,"minecraft:crafting_table":4,"travelersbackpack:backpack_tank":2,"minecraft:wooden_pickaxe":1,"minecraft:iron_helmet":1,"minecraft:iron_sword":1,"minecraft:stone_axe":2,"minecraft:bread":1,"minecraft:air":0,"minecraft:iron_chestplate":1,"minecraft:charcoal":6,"minecraft:shield":1,"minecraft:stick":28,"quark:oak_chest":5,"minecraft:iron_ingot":33,"minecraft:iron_pickaxe":1,"minecraft:wooden_axe":1,"biomesoplenty:mahogany_boat":1,"minecraft:gold_ingot":9,"minecraft:iron_leggings":1,"minecraft:white_bed":1,"minecraft:torch":24},"minecraft:mined":{"minecraft:white_bed":4,"minecraft:light_gray_stained_glass_pane":2,"minecraft:mossy_cobblestone":3,"minecraft:deepslate_diamond_ore":2,"minecraft:dark_oak_leaves":5,"minecraft:sculk_vein":8,"minecraft:dark_oak_log":8,"biomesoplenty:bush":1,"minecraft:grass_block":5,"minecraft:jungle_log":1,"minecraft:hay_block":9,"minecraft:furnace":9,"biomesoplenty:orange_cosmos":1,"minecraft:iron_ore":23,"treechop:chopped_log":9,"minecraft:deepslate_lapis_ore":8,"minecraft:gold_block":1,"minecraft:bookshelf":5,"minecraft:deepslate_iron_ore":13,"iceandfire:pixie_house_spruce":1,"regions_unexplored:medium_grass":1,"minecraft:bamboo":8,"minecraft:stone":58,"regions_unexplored:windswept_grass":4,"minecraft:podzol":1,"minecraft:deepslate_redstone_ore":2,"quark:oak_chest":2,"minecraft:smoker":1,"minecraft:observer":1,"biomesoplenty:black_sand":14,"autumnity:autumn_crocus":4,"minecraft:crafting_table":6,"minecraft:torch":2,"minecraft:melon":76,"biomesoplenty:mahogany_planks":7,"minecraft:sculk_sensor":10,"galosphere:silver_ore":1,"minecraft:tall_grass":2,"minecraft:cobblestone":9,"biomesoplenty:sprout":1,"minecraft:deepslate_gold_ore":10,"minecraft:sculk":16,"minecraft:wall_torch":2,"supplementaries:urn":1,"minecraft:stone_brick_stairs":1,"minecraft:oak_log":1,"minecraft:grass":17,"minecraft:coal_ore":37,"minecraft:sand":65,"minecraft:dirt":9,"minecraft:oak_leaves":1,"minecraft:deepslate":15,"minecraft:fern":57},"minecraft:custom":{"minecraft:mob_kills":53,"minecraft:interact_with_crafting_table":40,"minecraft:open_barrel":10,"minecraft:leave_game":4,"minecraft:time_since_death":128964,"minecraft:climb_one_cm":3465,"minecraft:sprint_one_cm":260322,"minecraft:walk_one_cm":386959,"minecraft:damage_blocked_by_shield":30,"minecraft:drop":42,"minecraft:play_time":155872,"minecraft:deaths":1,"minecraft:sneak_time":2181,"minecraft:walk_under_water_one_cm":24631,"minecraft:jump":2371,"minecraft:walk_on_water_one_cm":14534,"minecraft:total_world_time":155872,"minecraft:interact_with_furnace":32,"minecraft:interact_with_loom":1,"minecraft:interact_with_stonecutter":1,"minecraft:sleep_in_bed":5,"minecraft:time_since_rest":10440,"minecraft:waystone_activated":2,"minecraft:damage_taken":1710,"minecraft:damage_dealt":5881,"minecraft:swim_one_cm":16266,"minecraft:fly_one_cm":397815,"minecraft:open_chest":80,"minecraft:crouch_one_cm":3539,"tombstone:undead_killed":9,"minecraft:fall_one_cm":89947},"minecraft:used":{"biomesoplenty:mahogany_planks":56,"minecraft:stone_shovel":67,"minecraft:shield":1,"minecraft:iron_sword":70,"minecraft:torch":16,"minecraft:dirt":6,"minecraft:wooden_axe":87,"minecraft:iron_axe":126,"minecraft:jungle_log":2,"minecraft:rabbit_stew":1,"minecraft:furnace":7,"tombstone:gift":2,"minecraft:cobbled_deepslate":1,"minecraft:dark_oak_sapling":3,"biomesoplenty:black_sand":14,"minecraft:stone_pickaxe":63,"minecraft:oak_planks":4,"minecraft:wooden_pickaxe":39,"minecraft:crafting_table":10,"minecraft:white_bed":5,"minecraft:bread":1,"minecraft:melon_slice":94,"minecraft:iron_pickaxe":118,"biomesoplenty:mahogany_boat":2,"minecraft:stone_axe":104,"minecraft:cobblestone":43,"quark:oak_chest":6,"alexsmobs:animal_dictionary":4},"minecraft:dropped":{"minecraft:wheat_seeds":5,"crittersandcompanions:clam":5,"minecraft:oak_log":16,"minecraft:mossy_cobblestone":1,"minecraft:cobblestone":8,"minecraft:observer":1,"delightful:green_tea_leaf":2,"minecraft:fletching_table":2,"biomesoplenty:orange_cosmos":1,"regions_unexplored:small_oak_log":1,"minecraft:dirt":7,"galosphere:raw_silver":1,"minecraft:melon_slice":92,"quark:oak_chest":2,"biomesoplenty:stripped_mahogany_log":1,"minecraft:stone_axe":1,"minecraft:iron_nugget":4,"minecraft:cobbled_deepslate":9,"minecraft:raw_iron":2,"minecraft:rotten_flesh":5,"autumnity:autumn_crocus":2,"autumnity:maple_planks":52,"iceandfire:pixie_dust":4,"minecraft:bamboo":4,"biomesoplenty:mahogany_sapling":4,"minecraft:wooden_pickaxe":1,"minecraft:stone_brick_stairs":1},"minecraft:picked_up":{"regions_unexplored:small_oak_log":1,"minecraft:crafting_table":6,"minecraft:chicken":8,"autumnity:maple_log":13,"minecraft:gold_block":1,"minecraft:stone_brick_stairs":1,"biomesoplenty:stripped_mahogany_log":1,"biomesoplenty:black_sand":14,"minecraft:cobbled_deepslate":16,"delightful:acorn":3,"minecraft:beef":8,"minecraft:observer":1,"minecraft:iron_nugget":4,"alexsmobs:raccoon_tail":1,"minecraft:melon_slice":355,"delightful:green_tea_leaf":2,"crittersandcompanions:clam":5,"minecraft:egg":4,"minecraft:furnace":9,"iceandfire:pixie_dust":6,"minecraft:dark_oak_sapling":3,"minecraft:stick":24,"minecraft:raw_iron":35,"minecraft:torch":4,"minecraft:porkchop":27,"tombstone:grave_dust":2,"minecraft:redstone":9,"minecraft:dark_oak_planks":14,"minecraft:rotten_flesh":2,"biomesoplenty:mahogany_sapling":4,"minecraft:hay_block":9,"crittersandcompanions:silk":4,"supplementaries:ash":1,"minecraft:mutton":15,"biomesoplenty:orange_cosmos":1,"minecraft:white_wool":9,"minecraft:cobblestone":83,"minecraft:feather":6,"minecraft:glow_ink_sac":3,"aquaculture:tuna":1,"minecraft:jungle_log":8,"minecraft:leather":5,"minecraft:smoker":1,"minecraft:oak_log":41,"biomesoplenty:mahogany_boat":1,"minecraft:lapis_lazuli":50,"minecraft:dirt":15,"minecraft:name_tag":1,"autumnity:autumn_crocus":2,"minecraft:wheat_seeds":7,"minecraft:raw_gold":10,"minecraft:iron_ingot":18,"minecraft:fletching_table":2,"minecraft:bamboo":68,"galosphere:raw_silver":1,"biomesoplenty:mahogany_planks":7,"minecraft:book":15,"minecraft:sand":65,"minecraft:ink_sac":1,"minecraft:white_bed":4,"quark:oak_chest":4,"minecraft:dark_oak_log":8,"minecraft:barrel":1,"minecraft:mossy_cobblestone":1,"biomesoplenty:mahogany_log":65,"minecraft:diamond":2,"waystones:waystone":1,"minecraft:emerald":4,"minecraft:oak_sapling":19,"minecraft:black_wool":1,"minecraft:coal":37},"minecraft:broken":{"minecraft:wooden_axe":1},"minecraft:killed":{"alexsmobs:raccoon":1,"creeperoverhaul:bamboo_creeper":2,"minecraft:chicken":8,"minecraft:drowned":6,"minecraft:pig":14,"alexsmobs:anteater":1,"aquaculture:tuna":1,"minecraft:squid":1,"minecraft:sheep":11,"minecraft:zombie":3,"minecraft:glow_squid":1,"minecraft:cow":4}},"DataVersion":3465}