{"stats":{"minecraft:used":{"minecraft:moss_block":2,"minecraft:iron_shovel":566,"farmersdelight:cabbage_seeds":9,"minecraft:ladder":10,"minecraft:chest":29,"minecraft:shield":54,"ecologics:coconut_planks":27,"minecraft:rotten_flesh":25,"minecraft:carrot":36,"max_armory:iron_hengdao":200,"minecraft:glass":2,"minecraft:grass_block":1,"minecraft:quartz_block":2,"minecraft:stone_bricks":14,"farmersdelight:cutting_board":1,"minecraft:bow":6,"minecraft:dark_oak_boat":2,"minecraft:furnace":9,"minecraft:potato":131,"minecraft:large_fern":1,"minecraft:stone_pickaxe":392,"minecraft:oak_planks":4,"minecraft:wooden_pickaxe":127,"minecraft:golden_apple":32,"minecraft:golden_hoe":24,"minecraft:sand":32,"farmersdelight:chicken_sandwich":1,"minecraft:mushroom_stew":28,"minecraft:blast_furnace":1,"farmersdelight:rice":7,"projectvibrantjourneys:beach_grass":5,"minecraft:bread":2,"minecraft:iron_door":1,"minecraft:gravel":2,"ecologics:coconut_slice":10,"minecraft:wooden_sword":73,"minecraft:smithing_table":1,"minecraft:andesite":4,"minecraft:bone_meal":92,"minecraft:golden_pickaxe":1,"minecraft:stone_sword":24,"ecologics:walnut_log":3,"max_armory:iron_katana":45,"minecraft:stone_hoe":131,"minecraft:cooked_chicken":13,"minecraft:torch":257,"minecraft:dirt":517,"minecraft:cobblestone_wall":3,"minecraft:wooden_axe":71,"projectvibrantjourneys:fallen_leaves":2,"farmersdelight:mushroom_rice":1,"minecraft:iron_axe":228,"farmersdelight:cooking_pot":1,"minecraft:cooked_beef":26,"minecraft:cobbled_deepslate":23,"minecraft:wheat_seeds":187,"max_armory:iron_long_sword":704,"farmersdelight:iron_knife":1,"minecraft:water_bucket":16,"minecraft:birch_planks":34,"minecraft:birch_boat":2,"minecraft:cracked_stone_bricks":2,"minecraft:crafting_table":14,"minecraft:red_mushroom":1,"minecraft:white_bed":6,"minecraft:campfire":2,"minecraft:spruce_log":6,"minecraft:smoker":1,"minecraft:oak_log":1,"minecraft:gray_terracotta":23,"minecraft:wooden_hoe":37,"minecraft:oak_button":3,"minecraft:iron_pickaxe":999,"minecraft:stone_axe":141,"minecraft:cobblestone":394,"travelersbackpack:standard":7,"farmersdelight:egg_sandwich":1,"minecraft:cooked_porkchop":6,"minecraft:bucket":18},"minecraft:custom":{"minecraft:animals_bred":11,"minecraft:interact_with_crafting_table":204,"minecraft:open_barrel":1,"minecraft:leave_game":11,"minecraft:time_since_death":146746,"minecraft:sprint_one_cm":624195,"minecraft:damage_blocked_by_shield":2435,"minecraft:drop":15,"minecraft:talked_to_villager":11,"minecraft:play_time":604470,"minecraft:deaths":14,"minecraft:jump":4691,"minecraft:walk_on_water_one_cm":46324,"minecraft:interact_with_furnace":146,"minecraft:sleep_in_bed":23,"minecraft:damage_dealt":52523,"minecraft:crouch_one_cm":102382,"minecraft:interact_with_smoker":20,"minecraft:interact_with_smithing_table":5,"minecraft:mob_kills":242,"minecraft:damage_dealt_resisted":1561,"minecraft:climb_one_cm":31995,"minecraft:walk_one_cm":1949059,"minecraft:sneak_time":43884,"minecraft:walk_under_water_one_cm":48730,"minecraft:boat_one_cm":175245,"minecraft:interact_with_blast_furnace":6,"minecraft:total_world_time":604470,"minecraft:time_since_rest":12354,"minecraft:damage_taken":10308,"minecraft:damage_absorbed":575,"minecraft:swim_one_cm":53482,"minecraft:fly_one_cm":668573,"minecraft:open_chest":776,"minecraft:fall_one_cm":122628},"minecraft:mined":{"minecraft:white_bed":6,"minecraft:farmland":91,"minecraft:grass_block":260,"ecologics:coconut_leaves":1,"minecraft:spawner":3,"minecraft:light_blue_stained_glass":4,"minecraft:smooth_stone":1,"farmersdelight:rice":7,"minecraft:iron_ore":129,"minecraft:cobbled_deepslate":3,"minecraft:pumpkin":12,"minecraft:moss_carpet":1,"minecraft:deepslate_lapis_ore":11,"minecraft:cave_vines":1,"minecraft:dirt_path":4,"farmersdelight:rice_panicles":4,"ecologics:walnut_log":8,"projectvibrantjourneys:cattail":5,"minecraft:deepslate_redstone_ore":21,"minecraft:gray_terracotta":24,"minecraft:brown_mushroom":47,"minecraft:quartz_block":3,"minecraft:clay":25,"minecraft:torch":3,"minecraft:chest":13,"minecraft:mushroom_stem":4,"projectvibrantjourneys:natural_cobweb":1,"farmersdelight:cabbages":9,"minecraft:glass":2,"minecraft:cobblestone":14,"projectvibrantjourneys:fallen_leaves":1,"minecraft:iron_door":1,"minecraft:wall_torch":9,"projectvibrantjourneys:light_brown_bark_mushroom":1,"minecraft:birch_log":19,"minecraft:wheat":61,"minecraft:grass":43,"minecraft:oak_log":92,"projectvibrantjourneys:short_grass":14,"minecraft:beetroots":1,"minecraft:sand":70,"minecraft:dirt":220,"minecraft:red_mushroom_block":32,"minecraft:oak_leaves":13,"minecraft:deepslate":29,"create:zinc_ore":29,"minecraft:blue_stained_glass_pane":5,"ecologics:coconut_planks":4,"minecraft:deepslate_diamond_ore":5,"projectvibrantjourneys:rocks":5,"minecraft:glow_lichen":1,"minecraft:ladder":7,"minecraft:allium":2,"minecraft:white_stained_glass":2,"travelersbackpack:white_sleeping_bag":1,"ecologics:coconut_log":36,"minecraft:red_mushroom":37,"farmersdelight:wild_onions":12,"minecraft:furnace":9,"minecraft:carrots":21,"minecraft:andesite":12,"projectvibrantjourneys:beach_grass":1,"minecraft:potatoes":92,"minecraft:deepslate_iron_ore":6,"minecraft:packed_ice":9,"minecraft:stone":826,"minecraft:glass_pane":3,"minecraft:dandelion":1,"travelersbackpack:standard":5,"minecraft:crafting_table":6,"minecraft:rose_bush":4,"projectvibrantjourneys:mossy_rocks":1,"minecraft:campfire":1,"minecraft:copper_ore":7,"minecraft:tall_grass":12,"minecraft:lapis_ore":9,"minecraft:deepslate_gold_ore":2,"minecraft:cobblestone_wall":3,"minecraft:ice":14,"minecraft:spruce_log":26,"minecraft:birch_leaves":1,"k_turrets:titanium_ore":39,"minecraft:coal_ore":264,"minecraft:mycelium":1,"minecraft:gravel":2,"minecraft:cobweb":20,"minecraft:cracked_stone_bricks":3,"minecraft:terracotta":2,"minecraft:oak_button":1,"minecraft:stone_bricks":15,"minecraft:gold_ore":12,"projectvibrantjourneys:oak_hollow_log":4},"minecraft:picked_up":{"minecraft:wooden_axe":2,"minecraft:iron_chestplate":4,"minecraft:wheat":46,"max_armory:iron_long_sword":10,"farmersdelight:cutting_board":1,"minecraft:string":56,"minecraft:raw_copper":28,"minecraft:iron_leggings":4,"minecraft:cobbled_deepslate":98,"minecraft:smooth_stone":1,"farmersdelight:cabbage":9,"minecraft:bucket":4,"minecraft:rose_bush":8,"minecraft:iron_pickaxe":5,"alexsmobs:raccoon_tail":3,"minecraft:furnace":12,"farmersdelight:cabbage_seeds":25,"minecraft:iron_boots":4,"ecologics:crab_claw":4,"minecraft:stick":27,"ecologics:walnut_log":8,"minecraft:torch":164,"ecologics:coconut_seedling":8,"minecraft:porkchop":3,"farmersdelight:chicken_cuts":2,"alexsmobs:centipede_leg":2,"minecraft:quartz_block":3,"minecraft:stone_sword":1,"minecraft:rotten_flesh":65,"farmersdelight:onion":11,"ecologics:coconut_log":36,"farmersdelight:rope":6,"projectvibrantjourneys:cattail":5,"comforts:sleeping_bag_yellow":1,"minecraft:cod":3,"minecraft:snowball":27,"minecraft:cobblestone":1027,"minecraft:birch_log":19,"ecologics:walnut":11,"minecraft:leather_chestplate":3,"minecraft:feather":35,"minecraft:cooked_beef":24,"farmersdelight:rice":11,"minecraft:iron_door":2,"minecraft:water_bucket":2,"minecraft:andesite":12,"projectvibrantjourneys:fallen_leaves":4,"ecologics:coconut_planks":133,"minecraft:dark_oak_boat":3,"minecraft:potato":192,"minecraft:flint":4,"create:raw_zinc":27,"projectvibrantjourneys:oak_hollow_log":4,"minecraft:lapis_lazuli":183,"minecraft:dirt":578,"pointblank:g36c":1,"minecraft:leather_boots":1,"minecraft:bone":36,"minecraft:gray_terracotta":42,"minecraft:wheat_seeds":204,"minecraft:raw_gold":17,"farmersdelight:egg_sandwich":2,"minecraft:moss_block":1,"minecraft:oak_planks":5,"minecraft:cooked_porkchop":7,"minecraft:music_disc_13":4,"car:canola_seeds":4,"minecraft:poisonous_potato":2,"minecraft:sand":65,"ecologics:coconut_husk":14,"projectvibrantjourneys:beach_grass":5,"minecraft:grass_block":2,"max_armory:iron_hengdao":2,"minecraft:diamond":10,"minecraft:bone_meal":8,"minecraft:golden_apple":75,"minecraft:bread":16,"minecraft:emerald":4,"minecraft:oak_sapling":34,"minecraft:charcoal":2,"minecraft:crafting_table":8,"minecraft:allium":46,"minecraft:chicken":20,"minecraft:ladder":15,"minecraft:clay_ball":180,"minecraft:leather_leggings":2,"minecraft:golden_pickaxe":2,"minecraft:brown_mushroom":50,"minecraft:wooden_pickaxe":2,"minecraft:shield":5,"minecraft:moss_carpet":3,"minecraft:wooden_sword":2,"minecraft:large_fern":1,"minecraft:iron_axe":2,"ecologics:walnut_sapling":6,"minecraft:cracked_stone_bricks":3,"minecraft:beef":63,"farmersdelight:cod_slice":6,"minecraft:chest":13,"minecraft:birch_sapling":11,"minecraft:phantom_membrane":2,"minecraft:egg":13,"minecraft:raw_iron":145,"ecologics:coconut_slice":22,"projectvibrantjourneys:bark_mushroom":1,"minecraft:bowl":4,"farmersdelight:tomato_seeds":4,"minecraft:carrot":89,"minecraft:redstone":170,"minecraft:arrow":32,"minecraft:beetroot_seeds":1,"k_turrets:raw_titanium":49,"minecraft:saddle":1,"minecraft:mutton":11,"minecraft:white_wool":7,"table_top_craft:chess_piece_figure":2,"minecraft:leather":51,"minecraft:red_mushroom":59,"minecraft:birch_planks":1,"alexsmobs:cachalot_whale_tooth":2,"minecraft:mushroom_stew":19,"minecraft:oak_log":88,"minecraft:golden_boots":1,"minecraft:gunpowder":25,"minecraft:cobblestone_wall":3,"marbledsarsenal:cm6m_gas_mask":1,"alexsmobs:unsettling_kimono":1,"minecraft:apple":2,"minecraft:stone_bricks":15,"minecraft:iron_ingot":3,"minecraft:stone_pickaxe":3,"minecraft:cooked_chicken":3,"minecraft:iron_sword":1,"projectvibrantjourneys:light_brown_bark_mushroom":6,"minecraft:pumpkin":12,"minecraft:birch_boat":1,"minecraft:sweet_berries":5,"minecraft:dandelion":2,"minecraft:gravel":2,"minecraft:spruce_sapling":11,"minecraft:white_bed":10,"minecraft:spruce_log":26,"farmersdelight:cabbage_leaf":16,"minecraft:spider_eye":6,"travelersbackpack:standard":7,"minecraft:pumpkin_seeds":4,"minecraft:stone_axe":2,"minecraft:iron_helmet":4,"minecraft:oak_button":1,"minecraft:terracotta":2,"projectvibrantjourneys:orange_bark_mushroom":2,"minecraft:coal":320,"minecraft:ender_pearl":1},"minecraft:crafted":{"minecraft:brick":20,"minecraft:smooth_stone":4,"minecraft:oak_planks":136,"travelersbackpack:crafting_upgrade":1,"ecologics:walnut_planks":20,"minecraft:cooked_chicken":13,"minecraft:birch_boat":1,"pointblank_recipes:ar_kit":1,"minecraft:stone":7,"minecraft:lever":1,"minecraft:glass":31,"minecraft:repeater":1,"minecraft:bow":1,"minecraft:iron_boots":2,"minecraft:chest":18,"minecraft:oak_button":2,"max_armory:iron_long_sword":3,"minecraft:stone_hoe":1,"minecraft:smoker":1,"pointblank:ammo556":16,"pointblank:glock17":1,"minecraft:wooden_shovel":1,"travelersbackpack:iron_tier_upgrade":1,"minecraft:arrow":12,"minecraft:cooked_porkchop":3,"minecraft:crafting_table":10,"minecraft:spruce_planks":88,"farmersdelight:iron_knife":1,"travelersbackpack:standard":2,"minecraft:wooden_pickaxe":4,"minecraft:iron_helmet":2,"farmersdelight:egg_sandwich":2,"farmersdelight:chicken_sandwich":2,"minecraft:smithing_table":1,"minecraft:copper_ingot":3,"minecraft:birch_planks":76,"minecraft:campfire":2,"farmersdelight:cutting_board":1,"farmersdelight:fried_egg":4,"comforts:sleeping_bag_yellow":1,"minecraft:wooden_hoe":1,"minecraft:iron_chestplate":2,"minecraft:yellow_dye":1,"minecraft:shield":3,"minecraft:stick":136,"minecraft:iron_ingot":134,"minecraft:iron_pickaxe":4,"minecraft:stone_sword":1,"minecraft:gold_ingot":13,"minecraft:redstone_torch":2,"minecraft:wooden_sword":3,"minecraft:tripwire_hook":2,"minecraft:iron_nugget":18,"ecologics:coconut_planks":144,"comforts:sleeping_bag_white":1,"minecraft:furnace":2,"minecraft:blast_furnace":1,"minecraft:piston":2,"minecraft:bone_meal":87,"travelersbackpack:blank_upgrade":4,"pointblank_recipes:ironbarrel_1":2,"travelersbackpack:white_sleeping_bag":1,"minecraft:iron_axe":1,"farmersdelight:cooked_chicken_cuts":2,"minecraft:stone_pickaxe":4,"pointblank_recipes:handgun_kit":1,"max_armory:iron_katana":1,"pointblank:ammo9mm":48,"minecraft:cooked_beef":26,"pointblank_recipes:ammo_kit":4,"pointblank:g36c":1,"max_armory:handle":5,"travelersbackpack:backpack_tank":4,"pointblank_recipes:goldbarrel_1":1,"minecraft:bowl":44,"farmersdelight:cooking_pot":1,"minecraft:bucket":2,"minecraft:stone_axe":2,"minecraft:bread":3,"minecraft:air":0,"farmersdelight:cooked_cod_slice":6,"minecraft:white_wool":6,"minecraft:wooden_axe":5,"minecraft:iron_shovel":3,"minecraft:iron_leggings":2,"minecraft:torch":272,"create:zinc_ingot":14,"max_armory:iron_hengdao":1},"minecraft:killed_by":{"minecraft:zombie":5,"minecraft:player":1,"minecraft:spider":1,"minecraft:enderman":2,"hordes:zombie_player":2,"alexsmobs:centipede_head":1,"mutantmonsters:mutant_skeleton":1},"minecraft:broken":{"minecraft:iron_shovel":2,"minecraft:stone_pickaxe":3,"minecraft:stone_axe":2,"max_armory:iron_long_sword":2,"minecraft:stone_hoe":1,"minecraft:wooden_pickaxe":1,"minecraft:iron_pickaxe":3,"minecraft:iron_helmet":1},"minecraft:dropped":{"travelersbackpack:standard":2,"minecraft:red_mushroom":1,"minecraft:wooden_sword":1,"farmersdelight:egg_sandwich":1,"alexsmobs:unsettling_kimono":1,"max_armory:iron_long_sword":5,"minecraft:mushroom_stew":6,"farmersdelight:chicken_sandwich":1,"minecraft:shield":2},"minecraft:killed":{"alexsmobs:lobster":1,"minecraft:spider":16,"minecraft:cod":3,"minecraft:zombie_horse":3,"minecraft:skeleton":18,"minecraft:guardian":1,"minecraft:chicken":16,"ecologics:coconut_crab":3,"minecraft:silverfish":1,"alexsmobs:centipede_head":1,"minecraft:pig":1,"minecraft:zombie_villager":2,"alexsmobs:seal":1,"minecraft:creeper":3,"minecraft:sheep":7,"minecraft:zombie":74,"minecraft:cow":20,"hordes:zombie_player":4,"alexsmobs:raccoon":2,"alexsmobs:tasmanian_devil":1,"minecraft:phantom":37,"minecraft:drowned":12,"minecraft:husk":3,"minecraft:bat":1,"alexsmobs:crow":1,"minecraft:enderman":2}},"DataVersion":3465}