{"stats":{"minecraft:mined":{"minecraft:white_bed":2,"minecraft:crafting_table":1,"minecraft:torch":1,"minecraft:grass_block":1,"minecraft:white_stained_glass":2,"minecraft:glass":2,"minecraft:tall_grass":4,"minecraft:light_blue_stained_glass":4,"minecraft:cobblestone_wall":1,"minecraft:iron_ore":7,"minecraft:ice":1,"minecraft:spruce_log":10,"minecraft:grass":13,"minecraft:coal_ore":6,"minecraft:oak_log":10,"projectvibrantjourneys:short_grass":1,"minecraft:dirt":9,"minecraft:packed_ice":5,"minecraft:stone":37,"minecraft:stone_bricks":3,"minecraft:oak_leaves":1},"minecraft:custom":{"minecraft:interact_with_furnace":2,"minecraft:mob_kills":7,"minecraft:interact_with_crafting_table":8,"minecraft:leave_game":3,"minecraft:time_since_death":16568,"minecraft:sleep_in_bed":1,"minecraft:climb_one_cm":592,"minecraft:time_since_rest":16610,"minecraft:sprint_one_cm":63372,"minecraft:damage_taken":1205,"minecraft:walk_one_cm":127758,"minecraft:damage_dealt":1075,"minecraft:swim_one_cm":6209,"minecraft:fly_one_cm":137405,"minecraft:open_chest":4,"minecraft:crouch_one_cm":1664,"minecraft:play_time":52459,"minecraft:deaths":4,"minecraft:sneak_time":502,"minecraft:walk_under_water_one_cm":4000,"minecraft:boat_one_cm":32344,"minecraft:jump":597,"minecraft:walk_on_water_one_cm":2682,"minecraft:total_world_time":52459,"minecraft:fall_one_cm":13057},"minecraft:killed_by":{"minecraft:player":1,"mutantmonsters:mutant_skeleton":1,"minecraft:zombie":2},"minecraft:crafted":{"minecraft:oak_planks":24,"minecraft:crafting_table":3,"minecraft:spruce_planks":32,"minecraft:wooden_pickaxe":3,"minecraft:furnace":1,"minecraft:stick":12,"minecraft:stone_pickaxe":1,"minecraft:wooden_axe":2,"minecraft:stone_sword":1,"minecraft:torch":12},"minecraft:picked_up":{"minecraft:crafting_table":1,"minecraft:leather_chestplate":1,"minecraft:chicken":1,"minecraft:leather_leggings":1,"beansbackpacks:backpack":1,"minecraft:oak_log":10,"minecraft:cobblestone_wall":1,"marbledsarsenal:cm6m_gas_mask":1,"minecraft:dirt":10,"minecraft:stone_bricks":3,"minecraft:wheat_seeds":2,"minecraft:iron_pickaxe":1,"minecraft:iron_sword":1,"minecraft:egg":1,"minecraft:stick":4,"minecraft:raw_iron":7,"minecraft:torch":2,"minecraft:porkchop":3,"minecraft:spruce_sapling":4,"minecraft:spruce_log":10,"minecraft:white_bed":4,"minecraft:rotten_flesh":3,"minecraft:golden_apple":2,"minecraft:oak_sapling":2,"minecraft:coal":6,"minecraft:snowball":27,"minecraft:cobblestone":37},"minecraft:killed":{"minecraft:pig":1,"minecraft:zombie":2,"minecraft:chicken":1,"minecraft:silverfish":1,"minecraft:drowned":1},"minecraft:used":{"minecraft:moss_block":2,"minecraft:stone_pickaxe":25,"minecraft:wooden_pickaxe":30,"minecraft:rotten_flesh":10,"minecraft:torch":4,"minecraft:dirt":7,"minecraft:crafting_table":3,"minecraft:cobblestone_wall":1,"minecraft:white_bed":1,"minecraft:spruce_log":2,"minecraft:wooden_axe":40,"minecraft:stone_bricks":3,"minecraft:wooden_sword":1,"minecraft:cobblestone":14}},"DataVersion":3465}