{"stats":{"minecraft:broken":{"minecraft:wooden_pickaxe":1,"minecraft:stone_pickaxe":2,"minecraft:stone_axe":2,"minecraft:iron_pickaxe":1},"minecraft:mined":{"create:zinc_ore":29,"minecraft:white_bed":6,"minecraft:blue_stained_glass_pane":2,"ecologics:coconut_planks":1,"projectvibrantjourneys:rocks":1,"minecraft:glow_lichen":1,"minecraft:ladder":5,"minecraft:grass_block":20,"ecologics:coconut_leaves":1,"minecraft:white_stained_glass":2,"ecologics:coconut_log":29,"minecraft:light_blue_stained_glass":4,"minecraft:smooth_stone":1,"minecraft:furnace":4,"minecraft:carrots":12,"minecraft:iron_ore":102,"minecraft:cobbled_deepslate":2,"minecraft:andesite":4,"minecraft:potatoes":1,"minecraft:deepslate_iron_ore":4,"minecraft:dirt_path":4,"minecraft:packed_ice":5,"minecraft:stone":361,"minecraft:deepslate_redstone_ore":21,"minecraft:gray_terracotta":16,"minecraft:brown_mushroom":2,"minecraft:quartz_block":1,"minecraft:crafting_table":6,"minecraft:torch":2,"minecraft:chest":2,"projectvibrantjourneys:mossy_rocks":1,"projectvibrantjourneys:natural_cobweb":1,"minecraft:tall_grass":7,"minecraft:glass":2,"minecraft:cobblestone":5,"projectvibrantjourneys:fallen_leaves":1,"minecraft:wall_torch":2,"minecraft:cobblestone_wall":2,"minecraft:wheat":9,"minecraft:ice":1,"minecraft:spruce_log":10,"k_turrets:titanium_ore":39,"minecraft:grass":32,"minecraft:oak_log":12,"minecraft:coal_ore":93,"projectvibrantjourneys:short_grass":8,"minecraft:beetroots":1,"minecraft:sand":5,"minecraft:dirt":20,"minecraft:cobweb":5,"minecraft:cracked_stone_bricks":1,"minecraft:stone_bricks":7,"minecraft:gold_ore":9,"minecraft:oak_leaves":1,"minecraft:deepslate":25},"minecraft:crafted":{"minecraft:wooden_sword":3,"minecraft:oak_planks":48,"ecologics:coconut_planks":116,"minecraft:cooked_chicken":13,"minecraft:furnace":2,"minecraft:iron_boots":1,"minecraft:stone_pickaxe":3,"max_armory:iron_long_sword":1,"minecraft:cooked_beef":24,"minecraft:cooked_porkchop":3,"max_armory:handle":2,"minecraft:crafting_table":8,"farmersdelight:iron_knife":1,"minecraft:spruce_planks":32,"minecraft:wooden_pickaxe":4,"minecraft:iron_helmet":1,"farmersdelight:egg_sandwich":2,"minecraft:bucket":1,"minecraft:stone_axe":2,"minecraft:air":0,"farmersdelight:fried_egg":4,"minecraft:iron_chestplate":1,"minecraft:shield":2,"minecraft:stick":80,"minecraft:iron_ingot":73,"minecraft:iron_pickaxe":3,"minecraft:wooden_axe":5,"minecraft:stone_sword":1,"minecraft:iron_leggings":1,"minecraft:torch":164,"create:zinc_ingot":14,"max_armory:iron_hengdao":1},"minecraft:dropped":{"max_armory:iron_long_sword":2,"minecraft:wooden_sword":1,"farmersdelight:egg_sandwich":1,"minecraft:shield":1},"minecraft:used":{"minecraft:moss_block":2,"minecraft:stone_sword":24,"minecraft:ladder":5,"minecraft:chest":2,"minecraft:shield":25,"minecraft:cooked_chicken":13,"ecologics:coconut_planks":22,"minecraft:rotten_flesh":14,"minecraft:torch":143,"minecraft:dirt":31,"minecraft:cobblestone_wall":2,"minecraft:carrot":27,"max_armory:iron_hengdao":47,"minecraft:wooden_axe":67,"projectvibrantjourneys:fallen_leaves":1,"minecraft:stone_bricks":7,"minecraft:furnace":3,"minecraft:cooked_beef":24,"minecraft:cobbled_deepslate":22,"minecraft:large_fern":1,"max_armory:iron_long_sword":37,"minecraft:wheat_seeds":12,"minecraft:stone_pickaxe":267,"minecraft:wooden_pickaxe":119,"minecraft:cracked_stone_bricks":1,"minecraft:golden_apple":7,"minecraft:sand":5,"minecraft:crafting_table":12,"minecraft:white_bed":5,"minecraft:spruce_log":2,"minecraft:gray_terracotta":19,"minecraft:bread":1,"minecraft:iron_pickaxe":346,"ecologics:coconut_slice":10,"minecraft:stone_axe":141,"minecraft:wooden_sword":73,"minecraft:cobblestone":194,"minecraft:cooked_porkchop":1,"minecraft:andesite":3},"minecraft:custom":{"minecraft:mob_kills":58,"minecraft:interact_with_crafting_table":56,"minecraft:damage_dealt_resisted":70,"minecraft:leave_game":9,"minecraft:time_since_death":9048,"minecraft:climb_one_cm":4878,"minecraft:sprint_one_cm":252111,"minecraft:walk_one_cm":690389,"minecraft:damage_blocked_by_shield":801,"minecraft:drop":5,"minecraft:play_time":208973,"minecraft:sneak_time":11464,"minecraft:deaths":12,"minecraft:walk_under_water_one_cm":6689,"minecraft:boat_one_cm":32344,"minecraft:jump":2327,"minecraft:walk_on_water_one_cm":3622,"minecraft:total_world_time":208973,"minecraft:interact_with_furnace":54,"minecraft:sleep_in_bed":7,"minecraft:time_since_rest":9095,"minecraft:damage_taken":4963,"minecraft:damage_absorbed":130,"minecraft:damage_dealt":11906,"minecraft:swim_one_cm":6956,"minecraft:fly_one_cm":347746,"minecraft:open_chest":83,"minecraft:crouch_one_cm":26292,"minecraft:fall_one_cm":64575},"minecraft:picked_up":{"minecraft:wooden_axe":1,"minecraft:crafting_table":7,"minecraft:iron_chestplate":2,"minecraft:wheat":4,"minecraft:chicken":19,"minecraft:ladder":11,"max_armory:iron_long_sword":4,"minecraft:leather_leggings":1,"minecraft:brown_mushroom":2,"minecraft:wooden_pickaxe":1,"minecraft:shield":2,"minecraft:string":17,"minecraft:large_fern":1,"minecraft:wooden_sword":2,"minecraft:iron_leggings":2,"minecraft:cracked_stone_bricks":1,"minecraft:cobbled_deepslate":24,"minecraft:smooth_stone":1,"minecraft:bucket":2,"minecraft:beef":48,"minecraft:iron_pickaxe":3,"minecraft:chest":2,"minecraft:furnace":6,"ecologics:crab_claw":3,"minecraft:iron_boots":2,"minecraft:egg":13,"minecraft:stick":5,"minecraft:raw_iron":105,"ecologics:coconut_slice":16,"minecraft:torch":99,"ecologics:coconut_seedling":6,"minecraft:porkchop":3,"minecraft:carrot":54,"minecraft:redstone":170,"alexsmobs:centipede_leg":2,"minecraft:quartz_block":1,"minecraft:rotten_flesh":13,"minecraft:arrow":8,"minecraft:beetroot_seeds":1,"k_turrets:raw_titanium":43,"ecologics:coconut_log":29,"minecraft:snowball":27,"minecraft:cobblestone":369,"minecraft:leather_chestplate":2,"minecraft:feather":33,"minecraft:cooked_beef":24,"farmersdelight:rice":4,"minecraft:andesite":4,"ecologics:coconut_planks":130,"projectvibrantjourneys:fallen_leaves":1,"minecraft:leather":39,"minecraft:potato":8,"create:raw_zinc":27,"minecraft:oak_log":12,"minecraft:cobblestone_wall":2,"minecraft:gunpowder":7,"marbledsarsenal:cm6m_gas_mask":1,"minecraft:dirt":52,"minecraft:bone":9,"minecraft:stone_bricks":7,"minecraft:gray_terracotta":34,"minecraft:wheat_seeds":14,"minecraft:raw_gold":9,"minecraft:stone_pickaxe":2,"minecraft:cooked_chicken":3,"farmersdelight:egg_sandwich":2,"minecraft:iron_sword":1,"projectvibrantjourneys:light_brown_bark_mushroom":2,"minecraft:sweet_berries":5,"car:canola_seeds":1,"minecraft:poisonous_potato":1,"ecologics:coconut_husk":14,"minecraft:sand":5,"minecraft:spruce_sapling":4,"minecraft:grass_block":1,"minecraft:white_bed":9,"minecraft:spruce_log":10,"max_armory:iron_hengdao":2,"minecraft:pumpkin_seeds":2,"minecraft:stone_axe":2,"minecraft:iron_helmet":2,"minecraft:golden_apple":59,"minecraft:emerald":4,"minecraft:bread":15,"minecraft:oak_sapling":2,"minecraft:coal":109},"minecraft:killed":{"hordes:zombie_player":2,"alexsmobs:raccoon":1,"minecraft:spider":2,"minecraft:skeleton":3,"minecraft:chicken":15,"ecologics:coconut_crab":1,"minecraft:silverfish":1,"alexsmobs:centipede_head":1,"minecraft:drowned":1,"minecraft:pig":1,"alexsmobs:seal":1,"minecraft:bat":1,"minecraft:creeper":2,"minecraft:zombie":13,"minecraft:cow":11,"minecraft:enderman":1},"minecraft:killed_by":{"minecraft:player":1,"minecraft:spider":1,"minecraft:enderman":1,"hordes:zombie_player":2,"alexsmobs:centipede_head":1,"mutantmonsters:mutant_skeleton":1,"minecraft:zombie":4}},"DataVersion":3465}