{"stats":{"minecraft:picked_up":{"minecraft:wooden_axe":1,"minecraft:crafting_table":7,"minecraft:wheat":4,"minecraft:chicken":19,"minecraft:ladder":11,"minecraft:leather_leggings":1,"minecraft:brown_mushroom":2,"minecraft:wooden_pickaxe":1,"minecraft:shield":1,"minecraft:string":11,"minecraft:large_fern":1,"minecraft:wooden_sword":2,"minecraft:cracked_stone_bricks":1,"minecraft:cobbled_deepslate":1,"minecraft:smooth_stone":1,"minecraft:beef":48,"minecraft:iron_pickaxe":1,"minecraft:chest":2,"minecraft:furnace":6,"ecologics:crab_claw":3,"minecraft:egg":13,"minecraft:stick":5,"minecraft:raw_iron":73,"ecologics:coconut_slice":16,"minecraft:torch":46,"ecologics:coconut_seedling":6,"minecraft:porkchop":3,"minecraft:carrot":54,"minecraft:quartz_block":1,"minecraft:arrow":2,"minecraft:rotten_flesh":12,"minecraft:beetroot_seeds":1,"k_turrets:raw_titanium":37,"ecologics:coconut_log":29,"minecraft:snowball":27,"minecraft:cobblestone":338,"minecraft:leather_chestplate":2,"minecraft:feather":33,"minecraft:cooked_beef":24,"farmersdelight:rice":4,"minecraft:andesite":2,"ecologics:coconut_planks":129,"projectvibrantjourneys:fallen_leaves":1,"minecraft:leather":39,"minecraft:potato":8,"create:raw_zinc":26,"minecraft:oak_log":12,"minecraft:cobblestone_wall":2,"minecraft:gunpowder":6,"marbledsarsenal:cm6m_gas_mask":1,"minecraft:dirt":52,"minecraft:bone":5,"minecraft:stone_bricks":7,"minecraft:gray_terracotta":34,"minecraft:wheat_seeds":14,"minecraft:cooked_chicken":3,"minecraft:stone_pickaxe":2,"minecraft:iron_sword":1,"projectvibrantjourneys:light_brown_bark_mushroom":2,"minecraft:sweet_berries":5,"car:canola_seeds":1,"ecologics:coconut_husk":14,"minecraft:sand":5,"minecraft:spruce_sapling":4,"minecraft:grass_block":1,"minecraft:white_bed":9,"minecraft:spruce_log":10,"minecraft:pumpkin_seeds":2,"minecraft:stone_axe":2,"minecraft:golden_apple":2,"minecraft:emerald":4,"minecraft:bread":7,"minecraft:oak_sapling":2,"minecraft:coal":109},"minecraft:used":{"minecraft:moss_block":2,"minecraft:stone_sword":24,"minecraft:ladder":1,"minecraft:chest":2,"minecraft:shield":21,"ecologics:coconut_planks":4,"minecraft:cooked_chicken":13,"minecraft:rotten_flesh":14,"minecraft:torch":103,"minecraft:dirt":31,"minecraft:cobblestone_wall":2,"minecraft:carrot":27,"minecraft:wooden_axe":67,"projectvibrantjourneys:fallen_leaves":1,"minecraft:stone_bricks":7,"minecraft:furnace":3,"minecraft:cooked_beef":24,"minecraft:large_fern":1,"minecraft:wheat_seeds":12,"max_armory:iron_long_sword":24,"minecraft:stone_pickaxe":267,"minecraft:wooden_pickaxe":119,"minecraft:cracked_stone_bricks":1,"minecraft:sand":5,"minecraft:crafting_table":12,"minecraft:white_bed":5,"minecraft:spruce_log":2,"minecraft:gray_terracotta":19,"minecraft:iron_pickaxe":216,"minecraft:stone_axe":141,"ecologics:coconut_slice":10,"minecraft:wooden_sword":73,"minecraft:cobblestone":176,"minecraft:cooked_porkchop":1,"minecraft:andesite":2},"minecraft:broken":{"minecraft:wooden_pickaxe":1,"minecraft:stone_pickaxe":2,"minecraft:stone_axe":2},"minecraft:mined":{"create:zinc_ore":28,"minecraft:white_bed":6,"minecraft:blue_stained_glass_pane":2,"projectvibrantjourneys:rocks":1,"minecraft:glow_lichen":1,"minecraft:ladder":5,"minecraft:grass_block":20,"ecologics:coconut_leaves":1,"minecraft:white_stained_glass":2,"ecologics:coconut_log":29,"minecraft:light_blue_stained_glass":4,"minecraft:smooth_stone":1,"minecraft:furnace":4,"minecraft:carrots":12,"minecraft:iron_ore":73,"minecraft:andesite":2,"minecraft:potatoes":1,"minecraft:dirt_path":4,"minecraft:packed_ice":5,"minecraft:stone":330,"minecraft:gray_terracotta":16,"minecraft:brown_mushroom":2,"minecraft:quartz_block":1,"minecraft:crafting_table":6,"minecraft:torch":2,"minecraft:chest":2,"projectvibrantjourneys:mossy_rocks":1,"projectvibrantjourneys:natural_cobweb":1,"minecraft:glass":2,"minecraft:tall_grass":7,"minecraft:cobblestone":5,"projectvibrantjourneys:fallen_leaves":1,"minecraft:wall_torch":2,"minecraft:cobblestone_wall":2,"minecraft:wheat":9,"minecraft:ice":1,"minecraft:spruce_log":10,"k_turrets:titanium_ore":33,"minecraft:grass":32,"minecraft:oak_log":12,"minecraft:coal_ore":93,"projectvibrantjourneys:short_grass":8,"minecraft:beetroots":1,"minecraft:sand":5,"minecraft:dirt":20,"minecraft:cobweb":2,"minecraft:cracked_stone_bricks":1,"minecraft:stone_bricks":7,"minecraft:oak_leaves":1,"minecraft:deepslate":1},"minecraft:killed":{"hordes:zombie_player":1,"alexsmobs:raccoon":1,"minecraft:spider":1,"minecraft:skeleton":2,"minecraft:chicken":15,"ecologics:coconut_crab":1,"minecraft:silverfish":1,"minecraft:drowned":1,"minecraft:pig":1,"alexsmobs:seal":1,"minecraft:creeper":1,"minecraft:zombie":11,"minecraft:cow":11,"minecraft:enderman":1},"minecraft:crafted":{"minecraft:wooden_sword":3,"minecraft:oak_planks":48,"ecologics:coconut_planks":116,"minecraft:cooked_chicken":13,"minecraft:furnace":2,"minecraft:stone_pickaxe":3,"max_armory:iron_long_sword":1,"minecraft:cooked_beef":24,"minecraft:cooked_porkchop":3,"max_armory:handle":1,"minecraft:crafting_table":8,"minecraft:spruce_planks":32,"minecraft:wooden_pickaxe":4,"farmersdelight:egg_sandwich":2,"minecraft:bucket":1,"minecraft:stone_axe":2,"minecraft:air":0,"farmersdelight:fried_egg":4,"minecraft:shield":2,"minecraft:stick":72,"minecraft:iron_ingot":27,"minecraft:iron_pickaxe":3,"minecraft:wooden_axe":5,"minecraft:stone_sword":1,"minecraft:torch":128,"create:zinc_ingot":14},"minecraft:killed_by":{"minecraft:player":1,"minecraft:enderman":1,"hordes:zombie_player":2,"mutantmonsters:mutant_skeleton":1,"minecraft:zombie":4},"minecraft:custom":{"minecraft:mob_kills":50,"minecraft:interact_with_crafting_table":46,"minecraft:damage_dealt_resisted":70,"minecraft:leave_game":7,"minecraft:time_since_death":28565,"minecraft:climb_one_cm":4271,"minecraft:sprint_one_cm":216638,"minecraft:walk_one_cm":541470,"minecraft:damage_blocked_by_shield":680,"minecraft:drop":2,"minecraft:play_time":169655,"minecraft:sneak_time":9568,"minecraft:deaths":10,"minecraft:walk_under_water_one_cm":4260,"minecraft:boat_one_cm":32344,"minecraft:jump":1992,"minecraft:walk_on_water_one_cm":3351,"minecraft:total_world_time":169655,"minecraft:interact_with_furnace":48,"minecraft:sleep_in_bed":7,"minecraft:time_since_rest":475,"minecraft:damage_taken":3878,"minecraft:damage_dealt":9512,"minecraft:swim_one_cm":6956,"minecraft:fly_one_cm":310890,"minecraft:open_chest":44,"minecraft:crouch_one_cm":21402,"minecraft:fall_one_cm":55943},"minecraft:dropped":{"minecraft:wooden_sword":1,"minecraft:shield":1}},"DataVersion":3465}