{"stats":{"minecraft:mined":{"biomesoplenty:mossy_black_sand":4,"minecraft:tuff":3,"minecraft:dark_oak_leaves":15,"minecraft:deepslate_diamond_ore":2,"minecraft:sculk_vein":2,"minecraft:dark_oak_log":29,"biomesoplenty:black_sand":15,"minecraft:crafting_table":7,"minecraft:torch":2,"biomesoplenty:black_sandstone":4,"minecraft:grass_block":1,"minecraft:melon":11,"minecraft:sculk_sensor":4,"galosphere:silver_ore":20,"minecraft:cobblestone":2,"biomesoplenty:sprout":4,"minecraft:sculk":22,"minecraft:diorite":1,"minecraft:sculk_catalyst":1,"minecraft:furnace":5,"minecraft:iron_ore":38,"minecraft:cobbled_deepslate":1,"minecraft:andesite":8,"minecraft:fletching_table":1,"treechop:chopped_log":3,"minecraft:oak_log":9,"minecraft:coal_ore":34,"minecraft:gravel":1,"minecraft:dirt":3,"minecraft:stone":40,"minecraft:oak_leaves":2,"minecraft:deepslate":18,"minecraft:fern":8},"minecraft:used":{"minecraft:stone_sword":30,"minecraft:stone_pickaxe":69,"minecraft:shield":21,"minecraft:wooden_pickaxe":28,"minecraft:iron_sword":38,"minecraft:cooked_chicken":3,"minecraft:iron_chestplate":1,"minecraft:cookie":10,"minecraft:torch":27,"minecraft:crafting_table":6,"tombstone:bag_of_seeds":2,"minecraft:oak_log":7,"minecraft:apple":1,"minecraft:iron_axe":4,"minecraft:melon_slice":41,"minecraft:iron_pickaxe":116,"minecraft:iron_helmet":1,"minecraft:iron_boots":1,"minecraft:stone_axe":48,"ecologics:coconut_slice":2,"minecraft:cobblestone":10,"minecraft:dark_oak_boat":1,"minecraft:furnace":5,"tombstone:gift":2,"alexsmobs:animal_dictionary":1,"minecraft:cobbled_deepslate":21},"minecraft:picked_up":{"biomesoplenty:black_sandstone":4,"minecraft:crafting_table":7,"minecraft:feather":8,"minecraft:chicken":3,"minecraft:andesite":16,"minecraft:dark_oak_boat":1,"aether:iron_gloves":1,"minecraft:tuff":3,"minecraft:oak_log":37,"minecraft:gunpowder":14,"minecraft:string":4,"minecraft:dirt":4,"minecraft:bone":7,"minecraft:apple":1,"minecraft:raw_gold":5,"biomesoplenty:black_sand":19,"minecraft:cobbled_deepslate":38,"delightful:acorn":1,"minecraft:stone_pickaxe":1,"minecraft:iron_pickaxe":1,"galosphere:raw_silver":20,"minecraft:melon_slice":56,"minecraft:furnace":6,"minecraft:dark_oak_sapling":1,"minecraft:stick":5,"minecraft:raw_iron":44,"ecologics:coconut_slice":2,"minecraft:torch":3,"minecraft:gravel":1,"minecraft:trapped_chest":1,"minecraft:dark_oak_log":44,"minecraft:spider_eye":2,"minecraft:sugar":5,"minecraft:arrow":13,"minecraft:rotten_flesh":12,"minecraft:diamond":2,"minecraft:granite":1,"sophisticatedbackpacks:copper_backpack":2,"supplementaries:ash":1,"minecraft:oak_sapling":5,"minecraft:coal":52,"minecraft:cobblestone":41},"minecraft:crafted":{"minecraft:dark_oak_boat":1,"minecraft:crafting_table":1,"minecraft:wooden_pickaxe":1,"minecraft:cooked_chicken":3,"minecraft:iron_helmet":1,"minecraft:iron_sword":1,"minecraft:furnace":2,"minecraft:stone_axe":1,"minecraft:air":0,"minecraft:iron_chestplate":1,"minecraft:iron_boots":1,"minecraft:shield":1,"iceandfire:armor_silver_metal_leggings":1,"minecraft:iron_axe":1,"minecraft:stick":16,"minecraft:iron_ingot":27,"minecraft:iron_pickaxe":1,"minecraft:stone_pickaxe":1,"minecraft:stone_sword":1,"galosphere:silver_ingot":8,"minecraft:dark_oak_planks":48,"minecraft:torch":24},"minecraft:killed":{"mca:female_zombie_villager":1,"minecraft:spider":5,"minecraft:skeleton":7,"minecraft:zombie":6,"minecraft:chicken":3},"minecraft:dropped":{"minecraft:stone_axe":1,"minecraft:stone_sword":1,"minecraft:cobblestone":7,"supplementaries:ash":1,"aether:iron_gloves":1,"minecraft:andesite":8,"ecologics:coconut_husk":2,"sophisticatedbackpacks:copper_backpack":1,"minecraft:stone_pickaxe":2,"minecraft:wooden_pickaxe":1},"minecraft:custom":{"minecraft:interact_with_furnace":35,"minecraft:mob_kills":22,"minecraft:interact_with_crafting_table":18,"minecraft:open_barrel":7,"minecraft:leave_game":2,"minecraft:time_since_death":81748,"minecraft:climb_one_cm":218,"minecraft:time_since_rest":81748,"minecraft:sprint_one_cm":99843,"minecraft:damage_taken":996,"minecraft:walk_one_cm":220627,"minecraft:damage_blocked_by_shield":680,"minecraft:trigger_trapped_chest":1,"minecraft:drop":11,"minecraft:damage_dealt":3542,"minecraft:damage_dealt_absorbed":20,"minecraft:swim_one_cm":7124,"minecraft:fly_one_cm":174978,"minecraft:crouch_one_cm":7504,"minecraft:play_time":81748,"tombstone:undead_killed":14,"minecraft:sneak_time":2207,"minecraft:walk_under_water_one_cm":3989,"minecraft:jump":1355,"minecraft:walk_on_water_one_cm":4136,"minecraft:total_world_time":81748,"minecraft:fall_one_cm":35401}},"DataVersion":3465}