{"stats":{"minecraft:crafted":{"minecraft:dark_oak_boat":1,"minecraft:cooked_chicken":3,"minecraft:furnace":2,"minecraft:cooked_mutton":10,"minecraft:iron_boots":1,"iceandfire:armor_silver_metal_leggings":1,"minecraft:iron_axe":1,"minecraft:stone_pickaxe":1,"galosphere:silver_ingot":8,"minecraft:dark_oak_planks":48,"minecraft:cooked_beef":3,"minecraft:diamond_sword":1,"minecraft:cooked_porkchop":4,"minecraft:crafting_table":1,"minecraft:baked_potato":53,"minecraft:wooden_pickaxe":1,"minecraft:iron_helmet":1,"minecraft:iron_sword":1,"minecraft:stone_axe":1,"minecraft:air":0,"minecraft:iron_chestplate":1,"minecraft:diamond_pickaxe":1,"minecraft:shield":1,"minecraft:stick":40,"minecraft:iron_ingot":68,"minecraft:iron_pickaxe":1,"minecraft:stone_sword":1,"minecraft:gold_ingot":18,"minecraft:white_bed":1,"minecraft:dark_oak_fence_gate":1,"minecraft:torch":52},"minecraft:mined":{"biomesoplenty:mossy_black_sand":4,"minecraft:tuff":3,"minecraft:white_bed":1,"minecraft:dark_oak_leaves":15,"minecraft:deepslate_diamond_ore":10,"minecraft:sculk_vein":2,"regions_unexplored:magnolia_log":3,"minecraft:dark_oak_log":29,"minecraft:stone_brick_wall":1,"minecraft:grass_block":2,"minecraft:sculk_catalyst":1,"minecraft:furnace":5,"minecraft:iron_ore":38,"minecraft:cobbled_deepslate":4,"minecraft:andesite":8,"minecraft:deepslate_lapis_ore":6,"treechop:chopped_log":4,"minecraft:anvil":1,"minecraft:fletching_table":1,"minecraft:vine":1,"minecraft:iron_bars":2,"minecraft:stone":41,"minecraft:smithing_table":1,"minecraft:smoker":2,"regions_unexplored:white_magnolia_leaves":2,"biomesoplenty:black_sand":22,"minecraft:crafting_table":8,"minecraft:torch":4,"biomesoplenty:black_sandstone":7,"minecraft:blast_furnace":2,"minecraft:melon":11,"iceandfire:ghost_chest":1,"minecraft:sculk_sensor":4,"galosphere:silver_ore":20,"minecraft:cobblestone":2,"minecraft:tall_grass":1,"biomesoplenty:sprout":4,"minecraft:sculk":22,"minecraft:diorite":1,"minecraft:wall_torch":3,"supplementaries:urn":14,"minecraft:white_terracotta":3,"minecraft:grass":2,"minecraft:coal_ore":36,"minecraft:oak_log":9,"minecraft:dirt":6,"minecraft:gravel":1,"minecraft:cracked_stone_bricks":2,"minecraft:oak_leaves":4,"minecraft:deepslate":29,"minecraft:fern":8},"minecraft:custom":{"minecraft:mob_kills":51,"minecraft:interact_with_crafting_table":28,"minecraft:open_barrel":35,"minecraft:leave_game":5,"minecraft:time_since_death":151027,"minecraft:climb_one_cm":1610,"minecraft:sprint_one_cm":166543,"minecraft:walk_one_cm":459979,"minecraft:damage_blocked_by_shield":2070,"minecraft:drop":18,"minecraft:damage_dealt_absorbed":20,"minecraft:play_time":151027,"minecraft:sneak_time":2779,"minecraft:walk_under_water_one_cm":11396,"minecraft:jump":2456,"minecraft:interact_with_blast_furnace":27,"minecraft:walk_on_water_one_cm":14907,"minecraft:total_world_time":151027,"minecraft:interact_with_furnace":52,"minecraft:sleep_in_bed":4,"minecraft:time_since_rest":10440,"minecraft:waystone_activated":1,"minecraft:damage_taken":2701,"minecraft:trigger_trapped_chest":4,"minecraft:damage_dealt":10527,"minecraft:swim_one_cm":8344,"minecraft:fly_one_cm":334097,"minecraft:open_chest":54,"minecraft:crouch_one_cm":9615,"tombstone:undead_killed":35,"minecraft:interact_with_smoker":25,"minecraft:fall_one_cm":67591},"minecraft:used":{"minecraft:stone_sword":30,"minecraft:shield":46,"minecraft:iron_sword":159,"minecraft:cooked_chicken":3,"minecraft:iron_chestplate":1,"minecraft:torch":57,"biomesoplenty:black_sandstone":6,"minecraft:iron_axe":19,"minecraft:iron_helmet":1,"minecraft:iron_boots":1,"delightful:green_tea_leaf":1,"minecraft:dark_oak_boat":2,"minecraft:furnace":8,"tombstone:gift":2,"minecraft:cooked_beef":2,"minecraft:cobbled_deepslate":61,"biomesoplenty:black_sand":25,"minecraft:cooked_mutton":9,"minecraft:baked_potato":4,"minecraft:stone_pickaxe":69,"minecraft:wooden_pickaxe":28,"minecraft:cookie":11,"minecraft:crafting_table":8,"minecraft:blast_furnace":1,"minecraft:cod":2,"minecraft:white_bed":1,"minecraft:dark_oak_fence_gate":1,"minecraft:smoker":2,"tombstone:bag_of_seeds":2,"minecraft:oak_log":7,"minecraft:diamond_pickaxe":39,"minecraft:apple":1,"minecraft:melon_slice":65,"minecraft:iron_pickaxe":134,"minecraft:stone_axe":48,"ecologics:coconut_slice":2,"minecraft:diamond_sword":30,"minecraft:cobblestone":10,"minecraft:cooked_porkchop":3,"alexsmobs:animal_dictionary":1},"minecraft:dropped":{"minecraft:iron_ingot":18,"minecraft:cobblestone":7,"biomesoplenty:black_sandstone":1,"minecraft:gravel":1,"minecraft:stone_axe":1,"minecraft:stone_sword":1,"supplementaries:ash":1,"aether:chainmail_gloves":1,"aether:iron_gloves":1,"minecraft:andesite":8,"ecologics:coconut_husk":2,"sophisticatedbackpacks:copper_backpack":1,"minecraft:stone_pickaxe":2,"minecraft:wooden_pickaxe":1},"minecraft:picked_up":{"minecraft:crafting_table":8,"minecraft:chicken":3,"minecraft:anvil":1,"regions_unexplored:magnolia_log":15,"minecraft:smithing_table":1,"aether:iron_gloves":1,"minecraft:enchanted_book":2,"tombstone:scroll_of_preservation":1,"iceandfire:manuscript":5,"minecraft:string":4,"graveyard:corruption":1,"minecraft:cracked_stone_bricks":2,"minecraft:gold_nugget":30,"biomesoplenty:black_sand":25,"minecraft:cobbled_deepslate":65,"tombstone:scroll_of_unstable_intangibility":1,"farmersdelight:cabbage":11,"delightful:acorn":1,"minecraft:iron_nugget":16,"minecraft:iron_pickaxe":1,"minecraft:melon_slice":84,"delightful:green_tea_leaf":1,"farmersdelight:cabbage_seeds":14,"minecraft:iron_boots":1,"minecraft:furnace":6,"artifacts:universal_attractor":1,"minecraft:dark_oak_sapling":1,"minecraft:stick":9,"minecraft:raw_iron":45,"iceandfire:ghost_chest":1,"farmersdelight:rotten_tomato":1,"ecologics:coconut_slice":2,"minecraft:torch":22,"farmersdelight:tomato_seeds":1,"tombstone:grave_dust":4,"iceandfire:silver_ingot":1,"minecraft:arrow":24,"minecraft:rotten_flesh":27,"farmersdelight:onion":29,"aether:chainmail_gloves":1,"minecraft:gold_ingot":1,"sophisticatedbackpacks:copper_backpack":2,"supplementaries:ash":4,"minecraft:mutton":5,"minecraft:skeleton_skull":1,"minecraft:white_wool":3,"minecraft:cobblestone":42,"biomesoplenty:black_sandstone":7,"minecraft:feather":8,"minecraft:glow_ink_sac":5,"minecraft:andesite":16,"minecraft:dark_oak_boat":2,"minecraft:smoker":2,"minecraft:tuff":3,"minecraft:oak_log":37,"supplementaries:flax_seeds":1,"minecraft:gunpowder":14,"farmersdelight:tomato":22,"minecraft:lapis_lazuli":45,"minecraft:dirt":6,"minecraft:bone":41,"minecraft:apple":1,"minecraft:raw_gold":10,"minecraft:iron_ingot":1,"minecraft:stone_pickaxe":1,"tombstone:bag_of_seeds":1,"minecraft:cobweb":4,"tombstone:scroll_of_reach":1,"galosphere:raw_silver":20,"regions_unexplored:white_magnolia_sapling":4,"minecraft:gravel":3,"minecraft:blast_furnace":2,"minecraft:white_bed":1,"minecraft:trapped_chest":1,"minecraft:dark_oak_log":44,"minecraft:spider_eye":2,"minecraft:bundle":3,"minecraft:sugar":5,"minecraft:deepslate":1,"minecraft:diamond":12,"minecraft:granite":1,"minecraft:emerald":5,"minecraft:oak_sapling":5,"minecraft:coal":55,"minecraft:ender_pearl":1},"minecraft:killed":{"mca:female_zombie_villager":1,"graveyard:nightmare":1,"minecraft:spider":5,"minecraft:skeleton":13,"minecraft:chicken":3,"artifacts:mimic":1,"minecraft:sheep":3,"tinyskeletons:baby_skeleton":1,"endermanoverhaul:cave_enderman":1,"minecraft:zombie":17,"iceandfire:ghost":3,"minecraft:enderman":1}},"DataVersion":3465}