{"stats":{"minecraft:broken":{"minecraft:iron_shovel":1,"minecraft:iron_helmet":1,"minecraft:wooden_hoe":1},"minecraft:killed_by":{"minecraft:creeper":5,"minecraft:zombie":1,"hordes:zombie_player":1,"minecraft:skeleton":1,"alexsmobs:orca":1},"minecraft:custom":{"minecraft:interact_with_crafting_table":200,"minecraft:open_barrel":31,"minecraft:leave_game":6,"minecraft:time_since_death":109050,"minecraft:sprint_one_cm":662207,"minecraft:damage_blocked_by_shield":2056,"minecraft:drop":169,"minecraft:talked_to_villager":1,"minecraft:play_time":668712,"minecraft:deaths":9,"minecraft:jump":7460,"minecraft:walk_on_water_one_cm":131160,"minecraft:interact_with_furnace":185,"minecraft:sleep_in_bed":41,"minecraft:damage_dealt":51912,"minecraft:crouch_one_cm":93953,"minecraft:interact_with_smoker":40,"minecraft:horse_one_cm":706459,"minecraft:interact_with_smithing_table":12,"minecraft:interact_with_anvil":4,"minecraft:mob_kills":288,"minecraft:damage_dealt_resisted":753,"minecraft:climb_one_cm":4584,"minecraft:walk_one_cm":1899745,"minecraft:sneak_time":30020,"minecraft:walk_under_water_one_cm":163810,"minecraft:boat_one_cm":603956,"minecraft:interact_with_blast_furnace":80,"minecraft:total_world_time":668712,"minecraft:time_since_rest":10439,"minecraft:damage_absorbed":1316,"minecraft:damage_taken":13651,"minecraft:swim_one_cm":160624,"minecraft:fly_one_cm":1107116,"minecraft:open_chest":664,"minecraft:fall_one_cm":179839},"minecraft:used":{"minecraft:iron_shovel":253,"minecraft:chest":8,"minecraft:shield":60,"minecraft:iron_sword":100,"minecraft:iron_chestplate":2,"alexsmobs:spawn_egg_orca":4,"minecraft:birch_pressure_plate":4,"minecraft:allium":1,"minecraft:tuff":3,"minecraft:lava_bucket":1,"minecraft:iron_helmet":2,"minecraft:birch_button":4,"minecraft:dark_oak_boat":4,"minecraft:furnace":23,"minecraft:egg":1,"minecraft:potato":308,"minecraft:dark_oak_sapling":8,"travelersbackpack:spider":5,"minecraft:stone_pickaxe":29,"minecraft:oak_planks":133,"minecraft:blackstone":48,"minecraft:wooden_pickaxe":3,"minecraft:golden_apple":58,"minecraft:blast_furnace":4,"comforts:sleeping_bag_blue":6,"minecraft:black_bed":8,"minecraft:birch_fence_gate":1,"minecraft:bread":54,"minecraft:stone_button":3,"minecraft:iron_door":8,"ecologics:coconut_slice":4,"minecraft:diamond_sword":303,"minecraft:wooden_sword":22,"minecraft:smithing_table":2,"minecraft:dark_oak_fence":1,"minecraft:oak_boat":1,"minecraft:bone_meal":51,"max_armory:diamond_halberd":18,"minecraft:cooked_chicken":4,"minecraft:oak_door":2,"minecraft:torch":101,"minecraft:dirt":196,"minecraft:anvil":4,"minecraft:golden_shovel":2,"minecraft:iron_hoe":24,"minecraft:dark_oak_planks":20,"minecraft:iron_axe":293,"minecraft:oak_stairs":1,"minecraft:iron_boots":2,"minecraft:barrel":2,"comforts:sleeping_bag_white":2,"minecraft:cooked_beef":2,"minecraft:cobbled_deepslate":69,"minecraft:iron_leggings":1,"minecraft:water_bucket":57,"minecraft:birch_planks":13,"minecraft:baked_potato":107,"minecraft:horse_spawn_egg":4,"minecraft:crafting_table":25,"minecraft:white_bed":5,"minecraft:smoker":1,"minecraft:wooden_hoe":90,"minecraft:diamond_pickaxe":1070,"minecraft:iron_pickaxe":53,"minecraft:stone_axe":46,"minecraft:cobblestone":56,"travelersbackpack:standard":8,"minecraft:cooked_porkchop":4,"max_armory:diamond_katana":547,"minecraft:bucket":67},"minecraft:dropped":{"minecraft:iron_sword":3,"minecraft:acacia_wood":6,"minecraft:moss_block":14,"minecraft:brown_mushroom":1,"minecraft:porkchop":3,"minecraft:lapis_lazuli":5,"minecraft:baked_potato":11,"minecraft:crafting_table":1,"minecraft:cooked_porkchop":4,"minecraft:leather":5,"projectvibrantjourneys:beach_grass":1,"minecraft:rail":1,"projectvibrantjourneys:orange_bark_mushroom":2,"minecraft:cracked_polished_blackstone_bricks":1,"minecraft:dirt":11,"minecraft:cornflower":3,"minecraft:chain":1,"minecraft:wooden_sword":1,"minecraft:polished_blackstone_bricks":1,"minecraft:iron_pickaxe":2,"minecraft:white_wool":1,"projectvibrantjourneys:bark_mushroom":3,"minecraft:cauldron":1,"minecraft:gold_ingot":7,"minecraft:oak_door":1,"minecraft:gravel":13,"minecraft:stone_axe":2,"minecraft:blackstone":4,"minecraft:iron_nugget":6,"minecraft:cobbled_deepslate":15,"alexsmobs:animal_dictionary":1,"minecraft:birch_sapling":1,"minecraft:wheat":6,"minecraft:rotten_flesh":39,"minecraft:oak_planks":6,"minecraft:white_bed":3,"projectvibrantjourneys:sea_oats":2,"minecraft:leather_chestplate":1,"projectvibrantjourneys:light_brown_bark_mushroom":1,"minecraft:gunpowder":3,"minecraft:leather_boots":1,"ecologics:coconut_husk":7,"minecraft:azalea":3,"minecraft:leather_leggings":1,"projectvibrantjourneys:cattail":1,"minecraft:arrow":9,"minecraft:glass":15,"minecraft:beef":8,"pointblank:hs12":1,"minecraft:egg":1,"minecraft:water_bucket":2,"minecraft:black_dye":2,"minecraft:wheat_seeds":7,"minecraft:mossy_cobblestone":4,"minecraft:polished_blackstone":1,"minecraft:dripstone_block":1,"minecraft:poisonous_potato":1,"minecraft:oak_fence":1,"minecraft:iron_helmet":1,"minecraft:cobblestone":1,"minecraft:granite":1,"minecraft:copper_ingot":1,"alexsmobs:leafcutter_ant_chamber":1,"minecraft:torch":12,"minecraft:iron_leggings":1,"minecraft:oak_stairs":2,"minecraft:flowering_azalea":2,"minecraft:iron_axe":1,"pointblank:ammo12gauge":8,"minecraft:string":8,"minecraft:lily_pad":10,"create:raw_zinc":19,"minecraft:smooth_basalt":1,"minecraft:moss_carpet":45,"car:canola_seeds":1,"create:ochrum":8,"minecraft:coarse_dirt":3,"minecraft:cobblestone_wall":1,"minecraft:smooth_stone_slab":4,"minecraft:tuff":15,"minecraft:chicken":2,"minecraft:iron_boots":2,"minecraft:name_tag":1,"minecraft:potato":11,"max_armory:diamond_katana":3,"minecraft:allium":1,"minecraft:spruce_planks":3,"minecraft:iron_chestplate":2,"minecraft:spider_eye":6,"minecraft:blue_orchid":1,"minecraft:bow":2,"minecraft:stone_pickaxe":1,"minecraft:wooden_pickaxe":1,"minecraft:raw_gold":1},"minecraft:mined":{"minecraft:dark_oak_planks":10,"create:deepslate_zinc_ore":7,"minecraft:white_bed":9,"minecraft:spruce_planks":1,"minecraft:granite":1,"minecraft:grass_block":90,"minecraft:cracked_polished_blackstone_bricks":1,"comforts:sleeping_bag_blue":1,"minecraft:spawner":3,"minecraft:smooth_stone":8,"minecraft:polished_blackstone_bricks":1,"minecraft:tall_seagrass":3,"minecraft:fire":2,"minecraft:barrel":1,"minecraft:iron_ore":47,"minecraft:cobbled_deepslate":12,"minecraft:pumpkin":1,"projectvibrantjourneys:bark_mushroom":1,"minecraft:moss_carpet":4,"minecraft:deepslate_lapis_ore":1,"minecraft:anvil":1,"minecraft:enchanting_table":1,"create:asurine":1,"minecraft:cave_vines":1,"minecraft:flowering_azalea_leaves":1,"minecraft:water_cauldron":1,"minecraft:oak_stairs":2,"minecraft:azalea_leaves":11,"projectvibrantjourneys:cattail":1,"minecraft:deepslate_redstone_ore":57,"minecraft:gray_terracotta":4,"projectvibrantjourneys:sea_oats":1,"minecraft:blackstone":56,"minecraft:torch":10,"minecraft:blast_furnace":3,"minecraft:cobblestone":20,"minecraft:oak_planks":116,"minecraft:iron_door":5,"minecraft:wall_torch":13,"minecraft:seagrass":1,"minecraft:birch_log":36,"minecraft:wheat":2,"projectvibrantjourneys:bones":1,"minecraft:black_bed":7,"minecraft:smooth_stone_slab":2,"minecraft:grass":11,"minecraft:oak_log":46,"projectvibrantjourneys:short_grass":9,"minecraft:birch_button":1,"minecraft:sand":74,"minecraft:dirt":139,"minecraft:smooth_basalt":1,"minecraft:oak_leaves":13,"minecraft:deepslate":100,"create:zinc_ore":12,"minecraft:diamond_ore":3,"minecraft:tuff":7,"minecraft:mossy_cobblestone":4,"minecraft:dark_oak_leaves":13,"minecraft:deepslate_diamond_ore":45,"minecraft:oak_door":1,"minecraft:dark_oak_log":20,"projectvibrantjourneys:rocks":8,"minecraft:gray_stained_glass_pane":3,"minecraft:glow_lichen":1,"minecraft:stone_button":2,"minecraft:allium":2,"minecraft:spruce_fence":3,"alexsmobs:leafcutter_ant_chamber":1,"minecraft:moss_block":4,"minecraft:large_fern":1,"minecraft:hay_block":22,"minecraft:redstone_ore":15,"minecraft:furnace":17,"minecraft:acacia_wood":7,"projectvibrantjourneys:orange_bark_mushroom":1,"minecraft:andesite":1,"minecraft:bell":1,"minecraft:potatoes":214,"minecraft:deepslate_iron_ore":114,"minecraft:vine":1,"minecraft:stripped_oak_log":5,"minecraft:packed_ice":191,"projectvibrantjourneys:ice_chunks":1,"minecraft:bamboo":1,"minecraft:stone":162,"minecraft:smithing_table":1,"minecraft:infested_stone_bricks":1,"ecologics:thin_ice":2,"travelersbackpack:standard":1,"minecraft:oak_fence":1,"minecraft:crafting_table":22,"minecraft:cornflower":1,"minecraft:tall_grass":5,"minecraft:deepslate_gold_ore":60,"minecraft:coarse_dirt":3,"minecraft:birch_planks":6,"minecraft:cobblestone_wall":1,"minecraft:ice":4,"minecraft:birch_leaves":10,"projectvibrantjourneys:sandy_sprouts":4,"minecraft:coal_ore":151,"minecraft:gravel":1,"minecraft:cobweb":9,"minecraft:polished_blackstone":1,"minecraft:stone_bricks":3,"minecraft:gold_ore":1,"projectvibrantjourneys:oak_hollow_log":4},"minecraft:killed":{"minecraft:cave_spider":10,"minecraft:zombified_piglin":1,"minecraft:spider":35,"alexsmobs:snow_leopard":1,"alexsmobs:bald_eagle":1,"minecraft:zombie_horse":3,"minecraft:skeleton":21,"alexsmobs:orca":1,"minecraft:guardian":11,"minecraft:chicken":4,"ecologics:coconut_crab":1,"alexsmobs:centipede_head":1,"minecraft:pig":4,"minecraft:zombie_villager":2,"minecraft:creeper":14,"minecraft:sheep":8,"minecraft:zombie":75,"minecraft:cow":11,"hordes:zombie_player":4,"minecraft:phantom":18,"minecraft:horse":11,"alexsmobs:comb_jelly":1,"minecraft:drowned":44},"minecraft:picked_up":{"minecraft:iron_chestplate":7,"minecraft:smithing_table":1,"pointblank:spas12":3,"minecraft:anvil":1,"minecraft:lead":3,"minecraft:diamond_sword":6,"minecraft:oak_stairs":2,"minecraft:birch_button":1,"minecraft:golden_shovel":6,"minecraft:stone_brick_stairs":4,"minecraft:string":145,"minecraft:smooth_stone_slab":4,"minecraft:iron_leggings":7,"minecraft:tnt_minecart":1,"minecraft:cobbled_deepslate":237,"minecraft:smooth_stone":8,"minecraft:bucket":1,"comforts:sleeping_bag_white":2,"minecraft:spruce_planks":3,"minecraft:azalea":4,"alexsmobs:leafcutter_ant_chamber":1,"minecraft:furnace":21,"minecraft:iron_boots":9,"minecraft:stick":75,"minecraft:oak_fence":2,"minecraft:torch":157,"minecraft:porkchop":19,"minecraft:cauldron":1,"minecraft:rotten_flesh":135,"create:ochrum":8,"projectvibrantjourneys:cattail":1,"minecraft:cobblestone":457,"minecraft:birch_log":36,"minecraft:enchanting_table":1,"minecraft:feather":25,"minecraft:cooked_beef":2,"minecraft:iron_door":5,"minecraft:water_bucket":12,"minecraft:black_bed":8,"minecraft:dark_oak_boat":3,"minecraft:potato":649,"minecraft:tuff":18,"create:raw_zinc":19,"max_armory:diamond_katana":6,"projectvibrantjourneys:oak_hollow_log":4,"minecraft:lapis_lazuli":50,"minecraft:dirt":303,"minecraft:bone":90,"minecraft:bow":5,"minecraft:gray_terracotta":11,"minecraft:wheat_seeds":7,"pointblank:hs12":1,"minecraft:raw_gold":112,"minecraft:bell":1,"pointblank:ammo12gauge":9,"minecraft:bamboo":3,"minecraft:moss_block":15,"minecraft:oak_planks":215,"minecraft:cooked_porkchop":20,"car:canola_seeds":1,"minecraft:poisonous_potato":1,"minecraft:sand":73,"projectvibrantjourneys:beach_grass":1,"minecraft:ink_sac":5,"minecraft:mossy_cobblestone":4,"minecraft:dark_oak_log":20,"minecraft:barrel":1,"alexsmobs:animal_dictionary":1,"minecraft:iron_hoe":2,"minecraft:diamond":52,"comforts:sleeping_bag_blue":5,"minecraft:cracked_polished_blackstone_bricks":1,"minecraft:granite":1,"minecraft:golden_apple":181,"minecraft:bread":261,"minecraft:oak_sapling":4,"minecraft:diamond_pickaxe":8,"minecraft:coarse_dirt":3,"minecraft:crafting_table":26,"minecraft:allium":2,"minecraft:chicken":6,"minecraft:brown_mushroom":1,"minecraft:chain":1,"minecraft:shield":8,"minecraft:cornflower":4,"minecraft:moss_carpet":55,"minecraft:iron_axe":7,"minecraft:iron_shovel":2,"minecraft:blackstone":52,"minecraft:blue_orchid":1,"minecraft:beef":43,"projectvibrantjourneys:sandy_sprouts":2,"minecraft:birch_sapling":4,"minecraft:phantom_membrane":2,"minecraft:egg":2,"minecraft:dark_oak_sapling":16,"minecraft:raw_iron":274,"minecraft:oak_door":2,"ecologics:coconut_slice":4,"minecraft:copper_ingot":1,"projectvibrantjourneys:bark_mushroom":3,"minecraft:spruce_fence":2,"minecraft:polished_blackstone_bricks":1,"minecraft:stone_button":2,"minecraft:redstone":789,"minecraft:dark_oak_planks":87,"pointblank:ak47":3,"minecraft:arrow":40,"minecraft:hay_block":22,"minecraft:polished_blackstone":1,"minecraft:mutton":13,"minecraft:rail":3,"minecraft:white_wool":6,"minecraft:stripped_oak_log":5,"minecraft:glow_ink_sac":12,"minecraft:leather":32,"minecraft:acacia_wood":12,"minecraft:birch_planks":49,"minecraft:oak_log":46,"minecraft:lily_pad":10,"minecraft:cobblestone_wall":1,"minecraft:gunpowder":56,"projectvibrantjourneys:sea_oats":2,"minecraft:apple":20,"minecraft:stone_bricks":1,"minecraft:iron_ingot":153,"minecraft:cooked_chicken":1,"pointblank:glock18":1,"minecraft:iron_sword":6,"minecraft:flowering_azalea":3,"minecraft:acacia_sapling":12,"projectvibrantjourneys:light_brown_bark_mushroom":1,"minecraft:smooth_basalt":1,"minecraft:pumpkin":1,"minecraft:dripstone_block":1,"minecraft:gravel":13,"minecraft:amethyst_shard":44,"minecraft:spruce_sapling":6,"minecraft:blast_furnace":3,"minecraft:white_bed":13,"minecraft:spider_eye":23,"travelersbackpack:standard":1,"minecraft:slime_ball":4,"minecraft:stone_axe":1,"minecraft:iron_helmet":8,"minecraft:baked_potato":144,"projectvibrantjourneys:orange_bark_mushroom":2,"minecraft:black_wool":2,"minecraft:coal":264},"minecraft:crafted":{"minecraft:black_dye":4,"minecraft:smooth_stone":3,"minecraft:oak_planks":180,"minecraft:barrel":1,"travelersbackpack:crafting_upgrade":1,"minecraft:dark_oak_boat":2,"minecraft:cooked_chicken":3,"pointblank_recipes:ar_kit":1,"travelersbackpack:hose_nozzle":1,"minecraft:stone":14,"minecraft:lever":2,"minecraft:glass":49,"minecraft:repeater":1,"minecraft:iron_boots":5,"max_armory:rod":1,"minecraft:birch_fence_gate":1,"minecraft:chest":10,"minecraft:iron_door":3,"minecraft:birch_button":3,"minecraft:smoker":1,"minecraft:oak_slab":6,"travelersbackpack:iron_tier_upgrade":1,"minecraft:cooked_porkchop":4,"minecraft:crafting_table":6,"travelersbackpack:standard":1,"minecraft:baked_potato":184,"minecraft:wooden_pickaxe":1,"minecraft:iron_helmet":4,"minecraft:smithing_table":1,"minecraft:birch_pressure_plate":4,"minecraft:birch_planks":68,"pointblank:ak47":1,"max_armory:diamond_katana":2,"minecraft:wooden_hoe":3,"minecraft:iron_chestplate":4,"minecraft:stick":80,"minecraft:iron_ingot":150,"minecraft:iron_pickaxe":3,"minecraft:gold_ingot":74,"minecraft:black_bed":1,"minecraft:redstone_torch":2,"pointblank:ammo762":48,"pointblank:spas12":1,"minecraft:oak_door":3,"pointblank_recipes:shotgun_kit":1,"minecraft:raw_iron":18,"minecraft:tripwire_hook":4,"minecraft:iron_nugget":27,"comforts:sleeping_bag_white":1,"minecraft:furnace":8,"minecraft:stone_button":2,"minecraft:blast_furnace":1,"minecraft:piston":3,"minecraft:bone_meal":51,"travelersbackpack:blank_upgrade":4,"travelersbackpack:gold_tier_upgrade":1,"pointblank_recipes:ironbarrel_1":3,"minecraft:dark_oak_fence":3,"minecraft:iron_axe":3,"minecraft:stone_pickaxe":1,"pointblank_recipes:handgun_kit":1,"comforts:sleeping_bag_blue":1,"minecraft:dark_oak_planks":80,"minecraft:lead":4,"pointblank:ammo9mm":16,"travelersbackpack:spider":1,"minecraft:wheat":198,"pointblank:glock18":1,"minecraft:diamond_sword":1,"pointblank_recipes:ammo_kit":5,"max_armory:diamond_halberd":1,"max_armory:handle":5,"pointblank:ammo12gauge":16,"travelersbackpack:backpack_tank":4,"pointblank_recipes:goldbarrel_1":1,"minecraft:iron_sword":3,"pointblank_recipes:diamondbarrel_1":1,"travelersbackpack:black_sleeping_bag":1,"minecraft:bucket":2,"minecraft:stone_axe":2,"minecraft:bread":64,"minecraft:air":0,"minecraft:blue_dye":1,"minecraft:oak_boat":1,"minecraft:golden_apple":4,"minecraft:oak_stairs":4,"minecraft:iron_shovel":2,"minecraft:iron_leggings":5,"minecraft:torch":88}},"DataVersion":3465}