{"stats":{"minecraft:dropped":{"minecraft:stone_axe":1,"minecraft:wheat_seeds":2,"create:ochrum":8,"minecraft:tuff":3,"minecraft:wheat":6,"minecraft:oak_fence":1,"minecraft:white_bed":2,"projectvibrantjourneys:orange_bark_mushroom":2,"minecraft:leather_chestplate":1,"minecraft:allium":1,"minecraft:iron_chestplate":1,"minecraft:leather_boots":1,"minecraft:chain":1,"minecraft:leather_leggings":1,"minecraft:wooden_sword":1,"minecraft:wooden_pickaxe":1,"minecraft:stone_pickaxe":1,"create:raw_zinc":12,"minecraft:cauldron":1},"minecraft:killed":{"minecraft:cave_spider":1,"minecraft:pig":4,"minecraft:spider":2,"minecraft:phantom":1,"minecraft:horse":2,"minecraft:chicken":4},"minecraft:picked_up":{"minecraft:iron_chestplate":1,"minecraft:crafting_table":5,"minecraft:allium":2,"minecraft:feather":2,"minecraft:chicken":4,"minecraft:leather":2,"minecraft:tuff":3,"create:raw_zinc":12,"minecraft:oak_log":13,"minecraft:chain":1,"minecraft:string":7,"minecraft:dirt":1,"minecraft:wheat_seeds":2,"minecraft:cooked_chicken":1,"minecraft:oak_planks":2,"minecraft:furnace":3,"minecraft:raw_iron":50,"minecraft:pumpkin":1,"minecraft:oak_fence":2,"minecraft:torch":1,"minecraft:porkchop":7,"minecraft:white_bed":4,"minecraft:spider_eye":2,"minecraft:cauldron":1,"create:ochrum":8,"minecraft:hay_block":22,"projectvibrantjourneys:orange_bark_mushroom":2,"minecraft:coal":30,"minecraft:cobblestone":49},"minecraft:crafted":{"minecraft:oak_planks":52,"minecraft:raw_iron":18,"minecraft:cooked_porkchop":4,"minecraft:crafting_table":1,"minecraft:iron_helmet":1,"minecraft:wooden_pickaxe":1,"minecraft:cooked_chicken":3,"minecraft:iron_sword":1,"minecraft:stone_axe":1,"minecraft:bread":64,"minecraft:air":0,"minecraft:iron_boots":1,"minecraft:iron_chestplate":1,"minecraft:stick":24,"minecraft:iron_ingot":29,"minecraft:iron_pickaxe":1,"minecraft:stone_pickaxe":1,"minecraft:iron_leggings":1,"minecraft:torch":28,"minecraft:wheat":198},"minecraft:used":{"minecraft:stone_pickaxe":29,"minecraft:oak_planks":11,"minecraft:wooden_pickaxe":3,"minecraft:iron_sword":8,"minecraft:cooked_chicken":1,"minecraft:torch":4,"minecraft:crafting_table":6,"minecraft:allium":1,"minecraft:white_bed":1,"minecraft:diamond_pickaxe":19,"minecraft:bread":6,"minecraft:iron_pickaxe":53,"minecraft:stone_axe":30,"minecraft:wooden_sword":22,"minecraft:cobblestone":33,"minecraft:furnace":3},"minecraft:mined":{"create:zinc_ore":12,"minecraft:white_bed":4,"minecraft:oak_fence":1,"minecraft:crafting_table":5,"minecraft:allium":2,"minecraft:tall_grass":1,"minecraft:cobblestone":9,"minecraft:oak_planks":2,"minecraft:wall_torch":1,"minecraft:hay_block":22,"minecraft:furnace":3,"minecraft:iron_ore":12,"minecraft:wheat":2,"projectvibrantjourneys:orange_bark_mushroom":1,"minecraft:pumpkin":1,"minecraft:grass":1,"minecraft:coal_ore":18,"minecraft:oak_log":13,"minecraft:deepslate_iron_ore":5,"minecraft:water_cauldron":1,"minecraft:dirt":1,"minecraft:cobweb":5,"minecraft:stone":42,"minecraft:oak_leaves":3},"minecraft:custom":{"minecraft:interact_with_furnace":30,"minecraft:mob_kills":14,"minecraft:interact_with_crafting_table":16,"minecraft:open_barrel":15,"minecraft:leave_game":1,"minecraft:time_since_death":31161,"minecraft:sleep_in_bed":1,"minecraft:time_since_rest":18196,"minecraft:sprint_one_cm":38072,"minecraft:damage_taken":296,"minecraft:walk_one_cm":118851,"minecraft:drop":21,"minecraft:damage_dealt":1810,"minecraft:talked_to_villager":1,"minecraft:fly_one_cm":53986,"minecraft:open_chest":6,"minecraft:crouch_one_cm":457,"minecraft:play_time":31161,"minecraft:sneak_time":209,"minecraft:jump":379,"minecraft:walk_on_water_one_cm":125,"minecraft:total_world_time":31161,"minecraft:fall_one_cm":9730}},"DataVersion":3465}