{"stats":{"minecraft:used":{"minecraft:iron_shovel":253,"minecraft:chest":9,"minecraft:shield":212,"minecraft:iron_sword":124,"ecologics:coconut_planks":1,"minecraft:iron_chestplate":2,"alexsmobs:spawn_egg_orca":4,"minecraft:birch_pressure_plate":4,"securitycraft:keypad_item":1,"minecraft:allium":1,"minecraft:tuff":48,"minecraft:spruce_boat":1,"minecraft:obsidian":14,"minecraft:glass":32,"minecraft:lava_bucket":1,"minecraft:quartz_block":2,"minecraft:iron_helmet":3,"minecraft:birch_button":4,"minecraft:bow":43,"minecraft:dark_oak_boat":6,"minecraft:furnace":23,"minecraft:egg":1,"minecraft:potato":388,"minecraft:golden_boots":1,"minecraft:dark_oak_sapling":8,"travelersbackpack:spider":14,"minecraft:diamond_boots":1,"table_top_craft:chess_piece_figure":1,"minecraft:oak_planks":135,"minecraft:stone_pickaxe":29,"minecraft:blackstone":48,"minecraft:wooden_pickaxe":3,"securitycraft:reinforced_glass_pane":2,"minecraft:golden_apple":101,"minecraft:blast_furnace":4,"comforts:sleeping_bag_blue":6,"minecraft:black_bed":8,"minecraft:birch_fence_gate":1,"minecraft:bread":54,"minecraft:stone_button":3,"minecraft:string":1,"minecraft:deepslate":22,"minecraft:iron_door":8,"ecologics:coconut_slice":5,"minecraft:wooden_sword":22,"minecraft:diamond_sword":426,"minecraft:dark_oak_fence":1,"minecraft:smithing_table":2,"minecraft:birch_log":1,"minecraft:oak_boat":1,"minecraft:bone_meal":51,"max_armory:diamond_halberd":38,"minecraft:enchanting_table":1,"minecraft:flint_and_steel":1,"securitycraft:keypad_chest":1,"minecraft:spruce_planks":10,"minecraft:netherrack":679,"minecraft:cooked_chicken":4,"minecraft:oak_door":2,"minecraft:orange_stained_glass":94,"minecraft:torch":227,"minecraft:dirt":196,"minecraft:anvil":4,"minecraft:golden_shovel":2,"minecraft:polished_diorite":8,"minecraft:birch_door":3,"minecraft:iron_hoe":25,"minecraft:dark_oak_planks":20,"minecraft:bookshelf":27,"minecraft:iron_axe":429,"minecraft:oak_stairs":1,"minecraft:iron_boots":2,"minecraft:barrel":2,"securitycraft:reinforced_glass":7,"comforts:sleeping_bag_white":2,"minecraft:cooked_beef":20,"minecraft:cobbled_deepslate":71,"minecraft:iron_leggings":4,"minecraft:cooked_mutton":21,"max_armory:iron_long_sword":1,"minecraft:water_bucket":66,"minecraft:birch_planks":15,"minecraft:baked_potato":213,"minecraft:horse_spawn_egg":4,"minecraft:crafting_table":26,"minecraft:white_bed":5,"minecraft:smoker":1,"minecraft:diamond_pickaxe":1739,"minecraft:gray_terracotta":2,"minecraft:wooden_hoe":90,"minecraft:iron_pickaxe":67,"minecraft:stone_axe":46,"minecraft:cobblestone":73,"travelersbackpack:standard":8,"farmersdelight:egg_sandwich":1,"minecraft:cooked_porkchop":11,"max_armory:diamond_katana":1552,"minecraft:bucket":81},"minecraft:custom":{"minecraft:interact_with_crafting_table":249,"minecraft:open_barrel":66,"minecraft:leave_game":11,"minecraft:time_since_death":82770,"minecraft:sprint_one_cm":932683,"minecraft:damage_blocked_by_shield":8771,"minecraft:drop":264,"minecraft:talked_to_villager":1,"minecraft:play_time":1084616,"minecraft:deaths":22,"minecraft:jump":13343,"minecraft:walk_on_water_one_cm":195524,"minecraft:interact_with_furnace":220,"minecraft:sleep_in_bed":56,"minecraft:damage_dealt":107442,"minecraft:crouch_one_cm":130035,"minecraft:interact_with_smoker":88,"minecraft:horse_one_cm":706459,"minecraft:interact_with_smithing_table":41,"minecraft:interact_with_anvil":5,"minecraft:mob_kills":503,"minecraft:damage_dealt_resisted":2737,"minecraft:climb_one_cm":26454,"minecraft:walk_one_cm":2877150,"minecraft:sneak_time":46682,"minecraft:walk_under_water_one_cm":238629,"minecraft:boat_one_cm":670961,"minecraft:interact_with_blast_furnace":168,"minecraft:total_world_time":1084616,"minecraft:time_since_rest":11308,"minecraft:damage_absorbed":2802,"minecraft:damage_taken":29337,"minecraft:swim_one_cm":218580,"minecraft:fly_one_cm":1709461,"minecraft:open_chest":1203,"minecraft:fall_one_cm":303385},"minecraft:mined":{"minecraft:dark_oak_planks":10,"minecraft:spruce_planks":5,"create:deepslate_zinc_ore":7,"minecraft:white_bed":9,"minecraft:jungle_slab":2,"minecraft:obsidian":17,"minecraft:granite":1,"travelersbackpack:red_sleeping_bag":1,"minecraft:grass_block":90,"minecraft:cracked_polished_blackstone_bricks":1,"minecraft:polished_diorite":23,"comforts:sleeping_bag_blue":1,"minecraft:spawner":8,"minecraft:polished_blackstone_bricks":1,"minecraft:smooth_stone":11,"minecraft:tall_seagrass":3,"minecraft:iron_ore":115,"minecraft:barrel":1,"minecraft:fire":3,"minecraft:cobbled_deepslate":15,"projectvibrantjourneys:bark_mushroom":1,"minecraft:moss_carpet":4,"minecraft:pumpkin":1,"minecraft:anvil":1,"minecraft:deepslate_lapis_ore":25,"minecraft:enchanting_table":1,"create:asurine":1,"minecraft:water_cauldron":1,"minecraft:cave_vines":1,"minecraft:flowering_azalea_leaves":1,"minecraft:iron_bars":4,"minecraft:oak_stairs":2,"minecraft:azalea_leaves":11,"projectvibrantjourneys:cattail":1,"minecraft:deepslate_redstone_ore":73,"minecraft:gray_terracotta":8,"minecraft:quartz_block":2,"minecraft:cyan_terracotta":3,"projectvibrantjourneys:sea_oats":1,"minecraft:blackstone":60,"minecraft:torch":28,"minecraft:blast_furnace":3,"minecraft:white_stained_glass_pane":2,"minecraft:nether_quartz_ore":9,"minecraft:cobblestone":23,"minecraft:oak_planks":120,"minecraft:iron_door":5,"minecraft:wall_torch":30,"minecraft:polished_diorite_stairs":2,"minecraft:seagrass":1,"minecraft:birch_log":57,"minecraft:wheat":2,"projectvibrantjourneys:bones":1,"minecraft:smooth_stone_slab":11,"minecraft:black_bed":7,"minecraft:grass":13,"minecraft:oak_log":46,"minecraft:diorite_wall":2,"projectvibrantjourneys:short_grass":11,"minecraft:dirt":139,"minecraft:birch_button":1,"minecraft:sand":78,"minecraft:smooth_basalt":2,"minecraft:netherrack":47,"table_top_craft:chess_piece_figure":1,"minecraft:oak_leaves":13,"minecraft:deepslate":136,"create:zinc_ore":12,"minecraft:light_blue_stained_glass_pane":2,"minecraft:diamond_ore":3,"minecraft:tuff":62,"ecologics:coconut_planks":1,"minecraft:mossy_cobblestone":4,"minecraft:dark_oak_leaves":13,"minecraft:deepslate_diamond_ore":121,"minecraft:oak_door":1,"minecraft:dark_oak_log":20,"projectvibrantjourneys:rocks":14,"minecraft:gray_stained_glass_pane":3,"minecraft:glow_lichen":1,"minecraft:stone_button":2,"minecraft:allium":2,"minecraft:jungle_planks":1,"minecraft:spruce_fence":3,"minecraft:white_stained_glass":8,"alexsmobs:leafcutter_ant_chamber":1,"minecraft:spruce_leaves":4,"minecraft:kelp":2,"minecraft:moss_block":4,"minecraft:large_fern":1,"minecraft:hay_block":22,"minecraft:redstone_ore":15,"minecraft:furnace":17,"minecraft:acacia_wood":7,"projectvibrantjourneys:orange_bark_mushroom":1,"minecraft:andesite":2,"minecraft:bell":1,"minecraft:bookshelf":18,"minecraft:potatoes":263,"minecraft:deepslate_iron_ore":169,"minecraft:vine":1,"minecraft:stripped_oak_log":5,"minecraft:packed_ice":217,"projectvibrantjourneys:ice_chunks":1,"minecraft:bamboo":1,"minecraft:stone":178,"travelersbackpack:spider":2,"minecraft:smithing_table":1,"minecraft:infested_stone_bricks":1,"minecraft:dandelion":4,"ecologics:thin_ice":2,"travelersbackpack:standard":1,"minecraft:oak_fence":1,"minecraft:crafting_table":22,"minecraft:cornflower":8,"minecraft:tall_grass":5,"minecraft:lapis_ore":1,"minecraft:deepslate_gold_ore":105,"minecraft:spruce_stairs":2,"minecraft:birch_planks":19,"minecraft:coarse_dirt":3,"minecraft:cobblestone_wall":3,"minecraft:ice":7,"minecraft:spruce_log":39,"minecraft:birch_leaves":13,"projectvibrantjourneys:sandy_sprouts":4,"minecraft:coal_ore":239,"minecraft:yellow_concrete":1,"minecraft:gravel":1,"minecraft:cobweb":11,"minecraft:cracked_stone_bricks":1,"minecraft:polished_blackstone":1,"minecraft:stone_bricks":12,"minecraft:mossy_stone_bricks":1,"minecraft:gold_ore":3,"projectvibrantjourneys:oak_hollow_log":4},"minecraft:picked_up":{"minecraft:iron_chestplate":12,"pointblank:spas12":4,"max_armory:iron_long_sword":2,"minecraft:anvil":1,"minecraft:lead":3,"minecraft:smithing_table":1,"minecraft:diamond_sword":11,"minecraft:oak_stairs":2,"minecraft:enchanted_book":2,"minecraft:golden_shovel":13,"minecraft:birch_button":1,"travelersbackpack:spider":2,"minecraft:stone_brick_stairs":4,"minecraft:music_disc_cat":1,"minecraft:string":186,"alexsmobs:ancient_dart":1,"minecraft:smooth_stone_slab":20,"minecraft:iron_leggings":13,"minecraft:diamond_leggings":2,"minecraft:tnt_minecart":1,"minecraft:smooth_stone":11,"minecraft:cobbled_deepslate":583,"minecraft:spruce_planks":7,"minecraft:bucket":13,"comforts:sleeping_bag_white":2,"minecraft:iron_pickaxe":10,"minecraft:azalea":4,"minecraft:iron_boots":11,"alexsmobs:leafcutter_ant_chamber":1,"minecraft:furnace":21,"minecraft:stick":135,"minecraft:oak_fence":2,"minecraft:torch":358,"minecraft:spruce_stairs":4,"minecraft:porkchop":19,"minecraft:cauldron":1,"projectvibrantjourneys:seashells":1,"minecraft:quartz_block":2,"minecraft:rotten_flesh":374,"create:ochrum":8,"minecraft:cyan_terracotta":3,"farmersdelight:rope":1,"projectvibrantjourneys:cattail":1,"minecraft:bookshelf":3,"minecraft:blaze_rod":4,"minecraft:obsidian":16,"minecraft:iron_bars":5,"minecraft:cobblestone":506,"minecraft:birch_log":155,"minecraft:enchanting_table":1,"minecraft:feather":25,"minecraft:cooked_beef":7,"minecraft:iron_door":5,"minecraft:water_bucket":13,"ecologics:coconut_planks":1,"minecraft:black_bed":8,"minecraft:dark_oak_boat":4,"minecraft:potato":950,"minecraft:tuff":105,"create:raw_zinc":21,"max_armory:diamond_katana":13,"projectvibrantjourneys:rocks":5,"projectvibrantjourneys:oak_hollow_log":4,"travelersbackpack:gold_tier_upgrade":4,"minecraft:lapis_lazuli":356,"minecraft:dirt":303,"minecraft:bone":184,"minecraft:bow":13,"max_armory:diamond_halberd":4,"minecraft:gray_terracotta":13,"minecraft:wheat_seeds":10,"pointblank:hs12":1,"minecraft:raw_gold":159,"minecraft:bell":1,"minecraft:mossy_stone_bricks":1,"pointblank:ammo12gauge":9,"minecraft:glowstone_dust":2,"farmersdelight:egg_sandwich":1,"minecraft:diamond_helmet":2,"minecraft:bamboo":3,"minecraft:moss_block":15,"minecraft:oak_planks":220,"minecraft:diorite_wall":2,"minecraft:cooked_porkchop":41,"minecraft:jungle_planks":1,"car:canola_seeds":1,"minecraft:poisonous_potato":2,"minecraft:sand":77,"projectvibrantjourneys:beach_grass":1,"minecraft:ink_sac":5,"minecraft:jungle_slab":2,"minecraft:dark_oak_log":20,"minecraft:barrel":1,"alexsmobs:animal_dictionary":1,"minecraft:mossy_cobblestone":4,"minecraft:iron_hoe":2,"minecraft:sugar":1,"comforts:sleeping_bag_blue":5,"minecraft:diamond":139,"minecraft:cracked_polished_blackstone_bricks":1,"minecraft:granite":1,"minecraft:golden_apple":238,"minecraft:bread":261,"minecraft:netherrack":42,"minecraft:oak_sapling":4,"minecraft:diamond_pickaxe":15,"minecraft:coarse_dirt":3,"minecraft:crafting_table":26,"minecraft:allium":2,"minecraft:chicken":6,"minecraft:brown_mushroom":1,"minecraft:chain":1,"minecraft:shield":13,"minecraft:cornflower":11,"minecraft:moss_carpet":56,"minecraft:iron_axe":14,"minecraft:flint_and_steel":5,"minecraft:iron_shovel":2,"minecraft:blackstone":56,"minecraft:blue_orchid":1,"minecraft:beef":43,"alexsmobs:elastic_tendon":4,"projectvibrantjourneys:sandy_sprouts":2,"minecraft:birch_sapling":10,"minecraft:phantom_membrane":3,"minecraft:egg":2,"minecraft:dark_oak_sapling":16,"minecraft:raw_iron":414,"minecraft:oak_door":7,"ecologics:coconut_slice":6,"minecraft:copper_ingot":1,"projectvibrantjourneys:bark_mushroom":3,"minecraft:spruce_fence":2,"minecraft:polished_blackstone_bricks":1,"farmersdelight:tomato_seeds":1,"minecraft:stone_button":2,"minecraft:redstone":904,"minecraft:dark_oak_planks":87,"pointblank:ak47":3,"minecraft:arrow":144,"minecraft:diamond_chestplate":2,"minecraft:diamond_boots":2,"minecraft:hay_block":22,"minecraft:polished_blackstone":1,"minecraft:mutton":21,"minecraft:rail":3,"minecraft:white_wool":12,"minecraft:stripped_oak_log":5,"minecraft:glow_ink_sac":30,"table_top_craft:chess_piece_figure":3,"minecraft:leather":32,"minecraft:acacia_wood":12,"minecraft:birch_planks":106,"minecraft:oak_log":46,"minecraft:lily_pad":10,"minecraft:cobblestone_wall":5,"minecraft:gunpowder":84,"projectvibrantjourneys:sea_oats":2,"alexsmobs:unsettling_kimono":2,"minecraft:apple":20,"minecraft:stone_bricks":7,"minecraft:kelp":1,"minecraft:iron_ingot":209,"minecraft:cooked_chicken":1,"minecraft:glass_bottle":1,"pointblank:glock18":1,"minecraft:iron_sword":9,"minecraft:flowering_azalea":3,"minecraft:acacia_sapling":12,"minecraft:book":117,"projectvibrantjourneys:light_brown_bark_mushroom":1,"minecraft:smooth_basalt":2,"minecraft:pumpkin":1,"minecraft:yellow_concrete":1,"minecraft:quartz":9,"minecraft:dandelion":4,"minecraft:dripstone_block":1,"minecraft:gravel":13,"minecraft:amethyst_shard":44,"minecraft:spruce_sapling":11,"minecraft:blast_furnace":3,"minecraft:white_bed":13,"minecraft:spruce_log":70,"minecraft:spider_eye":47,"minecraft:polished_diorite_stairs":2,"travelersbackpack:standard":1,"minecraft:slime_ball":6,"minecraft:polished_diorite":22,"minecraft:stone_axe":1,"minecraft:iron_helmet":13,"minecraft:baked_potato":227,"projectvibrantjourneys:orange_bark_mushroom":3,"minecraft:black_wool":2,"minecraft:coal":416},"minecraft:crafted":{"minecraft:black_dye":4,"minecraft:smooth_stone":3,"minecraft:oak_planks":180,"minecraft:barrel":1,"travelersbackpack:crafting_upgrade":1,"minecraft:dark_oak_boat":2,"minecraft:cooked_chicken":3,"pointblank_recipes:ar_kit":1,"travelersbackpack:hose_nozzle":1,"minecraft:stone":19,"minecraft:lever":2,"securitycraft:keypad_item":1,"minecraft:bookshelf":24,"minecraft:heavy_weighted_pressure_plate":1,"minecraft:cooked_mutton":21,"minecraft:glass":51,"minecraft:diamond_helmet":1,"minecraft:repeater":1,"minecraft:diamond_leggings":1,"minecraft:iron_boots":6,"max_armory:rod":1,"minecraft:birch_fence_gate":1,"minecraft:chest":12,"minecraft:iron_door":3,"minecraft:birch_door":3,"minecraft:birch_button":3,"minecraft:golden_boots":2,"minecraft:smoker":1,"minecraft:oak_slab":6,"travelersbackpack:iron_tier_upgrade":1,"minecraft:cauldron":1,"minecraft:cooked_porkchop":4,"minecraft:crafting_table":7,"travelersbackpack:lapis":1,"minecraft:spruce_planks":132,"travelersbackpack:standard":2,"minecraft:baked_potato":319,"minecraft:wooden_pickaxe":1,"minecraft:iron_helmet":6,"minecraft:birch_pressure_plate":4,"minecraft:smithing_table":1,"travelersbackpack:blue_sleeping_bag":1,"minecraft:birch_planks":220,"minecraft:yellow_dye":4,"pointblank:ak47":1,"max_armory:diamond_katana":2,"minecraft:iron_chestplate":5,"minecraft:wooden_hoe":3,"minecraft:shield":4,"minecraft:stick":128,"minecraft:iron_ingot":291,"minecraft:iron_pickaxe":3,"minecraft:gold_ingot":148,"minecraft:black_bed":1,"minecraft:redstone_torch":2,"pointblank:ammo762":96,"pointblank:spas12":1,"minecraft:oak_door":3,"pointblank_recipes:shotgun_kit":1,"minecraft:raw_iron":18,"minecraft:tripwire_hook":4,"minecraft:iron_nugget":126,"comforts:sleeping_bag_white":1,"minecraft:furnace":8,"minecraft:stone_button":11,"minecraft:blast_furnace":1,"minecraft:piston":3,"minecraft:bone_meal":51,"travelersbackpack:blank_upgrade":4,"travelersbackpack:gold_tier_upgrade":1,"pointblank_recipes:ironbarrel_1":3,"minecraft:dark_oak_fence":3,"minecraft:iron_axe":4,"pointblank_recipes:handgun_kit":1,"minecraft:stone_pickaxe":1,"minecraft:spruce_boat":2,"minecraft:diamond_boots":2,"comforts:sleeping_bag_blue":1,"minecraft:dark_oak_planks":80,"minecraft:lead":4,"pointblank:ammo9mm":48,"travelersbackpack:spider":6,"travelersbackpack:diamond_tier_upgrade":1,"minecraft:wheat":198,"minecraft:cooked_beef":17,"pointblank:glock18":1,"minecraft:diamond_sword":1,"pointblank_recipes:ammo_kit":18,"max_armory:diamond_halberd":1,"max_armory:handle":5,"pointblank:ammo12gauge":144,"travelersbackpack:backpack_tank":6,"minecraft:iron_sword":3,"pointblank_recipes:goldbarrel_1":1,"pointblank_recipes:diamondbarrel_1":1,"travelersbackpack:black_sleeping_bag":1,"minecraft:bucket":2,"minecraft:stone_axe":2,"minecraft:bread":64,"minecraft:air":0,"car:cable_insulator":16,"minecraft:blue_dye":8,"minecraft:oak_boat":1,"minecraft:golden_apple":4,"minecraft:oak_stairs":4,"minecraft:blue_wool":4,"minecraft:iron_shovel":2,"minecraft:iron_leggings":7,"minecraft:torch":248,"minecraft:lapis_block":4,"minecraft:diamond_chestplate":1},"minecraft:killed_by":{"minecraft:zombified_piglin":2,"minecraft:creeper":5,"minecraft:zombie":2,"minecraft:spider":2,"hordes:zombie_player":5,"alexsmobs:centipede_head":1,"minecraft:skeleton":3,"alexsmobs:orca":1},"minecraft:broken":{"minecraft:iron_shovel":1,"minecraft:iron_boots":1,"minecraft:iron_chestplate":1,"minecraft:shield":3,"minecraft:iron_helmet":1,"minecraft:wooden_hoe":1},"minecraft:killed":{"minecraft:cave_spider":13,"minecraft:zombified_piglin":6,"minecraft:witch":3,"minecraft:spider":60,"alexsmobs:snow_leopard":1,"alexsmobs:murmur":1,"alexsmobs:bald_eagle":1,"minecraft:zombie_horse":4,"minecraft:skeleton":48,"alexsmobs:orca":1,"minecraft:guardian":15,"minecraft:chicken":4,"ecologics:coconut_crab":1,"alexsmobs:centipede_head":1,"minecraft:pig":4,"minecraft:zombie_villager":9,"minecraft:creeper":17,"minecraft:sheep":14,"minecraft:zombie":159,"minecraft:glow_squid":1,"minecraft:blaze":4,"minecraft:cow":11,"hordes:zombie_player":14,"minecraft:phantom":25,"minecraft:horse":11,"alexsmobs:comb_jelly":1,"minecraft:drowned":50},"minecraft:dropped":{"minecraft:iron_sword":3,"minecraft:acacia_wood":6,"minecraft:moss_block":14,"minecraft:brown_mushroom":1,"minecraft:porkchop":3,"minecraft:lapis_lazuli":5,"minecraft:baked_potato":11,"minecraft:crafting_table":1,"minecraft:cooked_porkchop":4,"minecraft:jungle_planks":1,"minecraft:leather":5,"projectvibrantjourneys:beach_grass":1,"minecraft:rail":1,"projectvibrantjourneys:orange_bark_mushroom":3,"minecraft:cyan_terracotta":3,"minecraft:cracked_polished_blackstone_bricks":1,"minecraft:dirt":11,"minecraft:polished_diorite_stairs":2,"minecraft:stone_button":2,"minecraft:cornflower":3,"minecraft:chain":1,"minecraft:wooden_sword":1,"minecraft:sand":28,"minecraft:polished_blackstone_bricks":1,"minecraft:iron_pickaxe":2,"minecraft:white_wool":1,"projectvibrantjourneys:bark_mushroom":3,"minecraft:cauldron":1,"minecraft:gold_ingot":7,"minecraft:oak_door":1,"minecraft:gravel":13,"minecraft:stone_axe":2,"minecraft:blackstone":8,"minecraft:iron_nugget":6,"alexsmobs:animal_dictionary":1,"minecraft:cobbled_deepslate":15,"minecraft:wheat":6,"minecraft:birch_sapling":1,"minecraft:rotten_flesh":65,"minecraft:oak_planks":7,"minecraft:white_bed":3,"projectvibrantjourneys:sea_oats":2,"minecraft:leather_chestplate":1,"projectvibrantjourneys:light_brown_bark_mushroom":1,"minecraft:gunpowder":3,"minecraft:diorite_wall":2,"minecraft:leather_boots":1,"ecologics:coconut_husk":8,"minecraft:azalea":3,"farmersdelight:rope":1,"minecraft:leather_leggings":1,"minecraft:iron_bars":3,"minecraft:arrow":10,"minecraft:glass":15,"minecraft:beef":8,"projectvibrantjourneys:cattail":1,"pointblank:hs12":1,"minecraft:egg":1,"farmersdelight:tomato_seeds":1,"minecraft:water_bucket":2,"minecraft:black_dye":2,"minecraft:wheat_seeds":8,"minecraft:polished_blackstone":1,"minecraft:mossy_cobblestone":4,"minecraft:dripstone_block":1,"minecraft:yellow_concrete":1,"minecraft:poisonous_potato":2,"minecraft:cobblestone":3,"minecraft:oak_fence":1,"minecraft:iron_helmet":2,"max_armory:iron_long_sword":2,"minecraft:granite":1,"minecraft:copper_ingot":1,"minecraft:spruce_stairs":2,"minecraft:golden_apple":32,"projectvibrantjourneys:rocks":1,"minecraft:jungle_slab":2,"alexsmobs:leafcutter_ant_chamber":1,"minecraft:torch":21,"projectvibrantjourneys:seashells":1,"minecraft:iron_leggings":2,"minecraft:oak_stairs":2,"minecraft:flowering_azalea":2,"minecraft:iron_axe":1,"minecraft:smooth_stone":3,"pointblank:ammo12gauge":8,"minecraft:string":13,"minecraft:lily_pad":10,"minecraft:spruce_sapling":5,"create:raw_zinc":20,"minecraft:smooth_basalt":2,"minecraft:polished_diorite":14,"minecraft:moss_carpet":46,"car:canola_seeds":1,"minecraft:kelp":1,"create:ochrum":8,"minecraft:coarse_dirt":3,"minecraft:cobblestone_wall":3,"minecraft:smooth_stone_slab":16,"minecraft:tuff":25,"minecraft:chicken":2,"minecraft:iron_boots":2,"minecraft:name_tag":1,"minecraft:potato":12,"max_armory:diamond_katana":3,"minecraft:stone":2,"minecraft:shield":1,"minecraft:allium":1,"minecraft:spruce_planks":3,"minecraft:iron_chestplate":2,"minecraft:mossy_stone_bricks":1,"minecraft:stone_bricks":6,"minecraft:spider_eye":10,"minecraft:blue_orchid":1,"minecraft:bow":4,"minecraft:stone_pickaxe":1,"minecraft:wooden_pickaxe":1,"minecraft:raw_gold":1}},"DataVersion":3465}