{"stats":{"minecraft:broken":{"minecraft:iron_helmet":1,"minecraft:wooden_hoe":1},"minecraft:custom":{"minecraft:interact_with_crafting_table":127,"minecraft:open_barrel":17,"minecraft:leave_game":2,"minecraft:time_since_death":16806,"minecraft:sprint_one_cm":458049,"minecraft:damage_blocked_by_shield":1208,"minecraft:drop":138,"minecraft:talked_to_villager":1,"minecraft:play_time":420743,"minecraft:deaths":6,"minecraft:jump":4652,"minecraft:walk_on_water_one_cm":102993,"minecraft:interact_with_furnace":112,"minecraft:sleep_in_bed":20,"minecraft:damage_dealt":38872,"minecraft:crouch_one_cm":55090,"minecraft:interact_with_smoker":16,"minecraft:horse_one_cm":706459,"minecraft:mob_kills":218,"minecraft:interact_with_anvil":2,"minecraft:damage_dealt_resisted":528,"minecraft:climb_one_cm":2209,"minecraft:walk_one_cm":1279967,"minecraft:sneak_time":17563,"minecraft:walk_under_water_one_cm":121629,"minecraft:boat_one_cm":580331,"minecraft:interact_with_blast_furnace":45,"minecraft:total_world_time":420743,"minecraft:time_since_rest":917,"minecraft:damage_absorbed":938,"minecraft:damage_taken":8697,"minecraft:swim_one_cm":120670,"minecraft:fly_one_cm":753146,"minecraft:open_chest":298,"minecraft:fall_one_cm":108753},"minecraft:mined":{"minecraft:dark_oak_planks":6,"minecraft:spruce_planks":1,"minecraft:white_bed":9,"minecraft:granite":1,"minecraft:grass_block":90,"minecraft:cracked_polished_blackstone_bricks":1,"minecraft:spawner":2,"minecraft:polished_blackstone_bricks":1,"minecraft:smooth_stone":8,"minecraft:tall_seagrass":3,"minecraft:iron_ore":39,"minecraft:cobbled_deepslate":5,"minecraft:moss_carpet":4,"projectvibrantjourneys:bark_mushroom":1,"minecraft:pumpkin":1,"minecraft:anvil":1,"minecraft:deepslate_lapis_ore":1,"minecraft:enchanting_table":1,"create:asurine":1,"minecraft:cave_vines":1,"minecraft:water_cauldron":1,"minecraft:flowering_azalea_leaves":1,"minecraft:oak_stairs":2,"minecraft:azalea_leaves":11,"minecraft:deepslate_redstone_ore":41,"minecraft:gray_terracotta":4,"projectvibrantjourneys:sea_oats":1,"minecraft:torch":5,"minecraft:blast_furnace":3,"minecraft:cobblestone":10,"minecraft:oak_planks":112,"minecraft:iron_door":1,"minecraft:wall_torch":10,"minecraft:seagrass":1,"minecraft:birch_log":11,"minecraft:wheat":2,"minecraft:black_bed":7,"minecraft:smooth_stone_slab":2,"minecraft:grass":7,"minecraft:oak_log":46,"projectvibrantjourneys:short_grass":6,"minecraft:dirt":131,"minecraft:oak_leaves":13,"minecraft:deepslate":32,"create:zinc_ore":12,"minecraft:tuff":7,"minecraft:dark_oak_leaves":13,"minecraft:deepslate_diamond_ore":14,"minecraft:dark_oak_log":20,"projectvibrantjourneys:rocks":3,"minecraft:gray_stained_glass_pane":3,"minecraft:glow_lichen":1,"minecraft:allium":2,"minecraft:moss_block":4,"minecraft:hay_block":22,"minecraft:redstone_ore":15,"minecraft:furnace":9,"minecraft:acacia_wood":7,"projectvibrantjourneys:orange_bark_mushroom":1,"minecraft:andesite":1,"minecraft:bell":1,"minecraft:potatoes":62,"minecraft:deepslate_iron_ore":96,"minecraft:vine":1,"minecraft:stripped_oak_log":5,"minecraft:packed_ice":191,"projectvibrantjourneys:ice_chunks":1,"minecraft:stone":155,"minecraft:infested_stone_bricks":1,"ecologics:thin_ice":2,"minecraft:oak_fence":1,"minecraft:crafting_table":19,"minecraft:cornflower":1,"minecraft:tall_grass":5,"minecraft:deepslate_gold_ore":50,"minecraft:birch_planks":2,"minecraft:cobblestone_wall":1,"minecraft:ice":1,"minecraft:birch_leaves":9,"minecraft:coal_ore":126,"minecraft:gravel":1,"minecraft:cobweb":7,"minecraft:polished_blackstone":1,"minecraft:gold_ore":1,"projectvibrantjourneys:oak_hollow_log":4},"minecraft:killed_by":{"minecraft:creeper":5,"minecraft:zombie":1},"minecraft:crafted":{"minecraft:black_dye":1,"minecraft:oak_planks":180,"minecraft:smooth_stone":3,"minecraft:dark_oak_boat":2,"beansbackpacks:metal_backpack":1,"minecraft:cooked_chicken":3,"pointblank_recipes:ar_kit":1,"minecraft:stone":13,"minecraft:lever":2,"minecraft:repeater":1,"minecraft:iron_boots":4,"max_armory:rod":1,"minecraft:chest":8,"minecraft:smoker":1,"minecraft:cooked_porkchop":4,"minecraft:crafting_table":4,"minecraft:baked_potato":56,"minecraft:wooden_pickaxe":1,"minecraft:iron_helmet":3,"minecraft:birch_planks":44,"pointblank:ak47":1,"max_armory:diamond_katana":2,"minecraft:iron_chestplate":3,"minecraft:wooden_hoe":3,"minecraft:stick":64,"minecraft:iron_ingot":134,"minecraft:iron_pickaxe":3,"minecraft:gold_ingot":65,"minecraft:black_bed":1,"minecraft:redstone_torch":2,"pointblank:ammo762":48,"beansbackpacks:backpack":1,"pointblank:spas12":1,"minecraft:oak_door":3,"pointblank_recipes:shotgun_kit":1,"minecraft:raw_iron":18,"minecraft:tripwire_hook":4,"minecraft:iron_nugget":27,"comforts:sleeping_bag_white":1,"minecraft:furnace":2,"minecraft:blast_furnace":1,"minecraft:piston":3,"minecraft:bone_meal":51,"pointblank_recipes:ironbarrel_1":3,"minecraft:dark_oak_fence":3,"minecraft:iron_axe":1,"minecraft:stone_pickaxe":1,"pointblank_recipes:handgun_kit":1,"comforts:sleeping_bag_blue":1,"minecraft:dark_oak_planks":80,"minecraft:lead":4,"pointblank:ammo9mm":16,"minecraft:wheat":198,"pointblank:glock18":1,"minecraft:diamond_sword":1,"pointblank_recipes:ammo_kit":5,"max_armory:diamond_halberd":1,"max_armory:handle":5,"pointblank:ammo12gauge":16,"minecraft:iron_sword":3,"pointblank_recipes:goldbarrel_1":1,"pointblank_recipes:diamondbarrel_1":1,"minecraft:bucket":2,"minecraft:stone_axe":2,"minecraft:bread":64,"minecraft:air":0,"minecraft:blue_dye":1,"minecraft:oak_boat":1,"minecraft:golden_apple":3,"minecraft:oak_stairs":4,"minecraft:iron_shovel":1,"minecraft:iron_leggings":3,"minecraft:torch":88},"minecraft:dropped":{"minecraft:iron_sword":3,"minecraft:acacia_wood":6,"minecraft:moss_block":14,"minecraft:brown_mushroom":1,"minecraft:porkchop":3,"minecraft:lapis_lazuli":5,"minecraft:crafting_table":1,"minecraft:cooked_porkchop":4,"minecraft:leather":5,"minecraft:rail":1,"projectvibrantjourneys:orange_bark_mushroom":2,"minecraft:cracked_polished_blackstone_bricks":1,"minecraft:dirt":8,"minecraft:cornflower":3,"minecraft:chain":1,"minecraft:wooden_sword":1,"minecraft:polished_blackstone_bricks":1,"minecraft:iron_pickaxe":2,"beansbackpacks:backpack":2,"projectvibrantjourneys:bark_mushroom":2,"minecraft:cauldron":1,"minecraft:gold_ingot":7,"minecraft:oak_door":1,"minecraft:gravel":13,"minecraft:stone_axe":1,"minecraft:iron_nugget":6,"alexsmobs:animal_dictionary":1,"minecraft:wheat":6,"minecraft:rotten_flesh":39,"minecraft:oak_planks":6,"minecraft:white_bed":3,"projectvibrantjourneys:sea_oats":2,"minecraft:leather_chestplate":1,"minecraft:gunpowder":3,"minecraft:leather_boots":1,"ecologics:coconut_husk":7,"minecraft:azalea":3,"minecraft:leather_leggings":1,"minecraft:arrow":9,"minecraft:beef":8,"pointblank:hs12":1,"minecraft:water_bucket":2,"minecraft:wheat_seeds":7,"minecraft:polished_blackstone":1,"minecraft:dripstone_block":1,"minecraft:iron_helmet":1,"minecraft:oak_fence":1,"minecraft:cobblestone":1,"minecraft:granite":1,"minecraft:copper_ingot":1,"minecraft:torch":12,"minecraft:iron_leggings":1,"minecraft:oak_stairs":2,"minecraft:flowering_azalea":2,"minecraft:iron_axe":1,"pointblank:ammo12gauge":8,"minecraft:string":8,"minecraft:lily_pad":2,"create:raw_zinc":12,"minecraft:moss_carpet":44,"create:ochrum":8,"minecraft:cobblestone_wall":1,"minecraft:smooth_stone_slab":4,"minecraft:tuff":15,"minecraft:chicken":2,"minecraft:iron_boots":1,"minecraft:name_tag":1,"minecraft:potato":11,"max_armory:diamond_katana":2,"minecraft:allium":1,"minecraft:spruce_planks":3,"minecraft:iron_chestplate":2,"minecraft:spider_eye":6,"minecraft:blue_orchid":1,"minecraft:bow":2,"minecraft:stone_pickaxe":1,"minecraft:wooden_pickaxe":1},"minecraft:picked_up":{"minecraft:iron_chestplate":7,"pointblank:spas12":1,"minecraft:anvil":1,"minecraft:lead":3,"minecraft:diamond_sword":5,"minecraft:oak_stairs":2,"minecraft:golden_shovel":4,"minecraft:stone_brick_stairs":4,"minecraft:string":134,"minecraft:smooth_stone_slab":4,"minecraft:iron_leggings":4,"minecraft:tnt_minecart":1,"minecraft:cobbled_deepslate":159,"minecraft:smooth_stone":8,"comforts:sleeping_bag_white":2,"minecraft:bucket":1,"minecraft:spruce_planks":3,"minecraft:azalea":4,"minecraft:iron_boots":6,"minecraft:furnace":13,"minecraft:stick":35,"minecraft:oak_fence":2,"minecraft:torch":104,"minecraft:porkchop":19,"minecraft:cauldron":1,"minecraft:rotten_flesh":106,"create:ochrum":8,"minecraft:cobblestone":336,"minecraft:enchanting_table":1,"minecraft:birch_log":11,"minecraft:feather":24,"minecraft:cooked_beef":2,"minecraft:iron_door":1,"minecraft:water_bucket":12,"minecraft:black_bed":8,"minecraft:dark_oak_boat":2,"minecraft:potato":213,"minecraft:tuff":18,"create:raw_zinc":12,"max_armory:diamond_katana":3,"projectvibrantjourneys:oak_hollow_log":4,"minecraft:lapis_lazuli":50,"minecraft:dirt":216,"minecraft:bone":77,"minecraft:bow":5,"minecraft:gray_terracotta":11,"pointblank:hs12":1,"minecraft:wheat_seeds":7,"minecraft:raw_gold":102,"minecraft:bell":1,"pointblank:ammo12gauge":9,"minecraft:moss_block":15,"minecraft:oak_planks":211,"minecraft:cooked_porkchop":20,"minecraft:ink_sac":5,"minecraft:dark_oak_log":20,"alexsmobs:animal_dictionary":1,"comforts:sleeping_bag_blue":2,"minecraft:diamond":18,"minecraft:cracked_polished_blackstone_bricks":1,"minecraft:granite":1,"minecraft:golden_apple":168,"minecraft:bread":261,"minecraft:oak_sapling":4,"minecraft:diamond_pickaxe":6,"minecraft:crafting_table":23,"minecraft:allium":2,"minecraft:chicken":6,"minecraft:brown_mushroom":1,"beansbackpacks:backpack":3,"minecraft:chain":1,"minecraft:shield":6,"minecraft:cornflower":4,"minecraft:moss_carpet":54,"minecraft:iron_axe":5,"minecraft:iron_shovel":2,"minecraft:blue_orchid":1,"minecraft:beef":43,"minecraft:birch_sapling":3,"minecraft:phantom_membrane":2,"minecraft:egg":1,"minecraft:dark_oak_sapling":16,"minecraft:raw_iron":248,"minecraft:oak_door":1,"ecologics:coconut_slice":4,"minecraft:copper_ingot":1,"projectvibrantjourneys:bark_mushroom":2,"minecraft:polished_blackstone_bricks":1,"minecraft:redstone":728,"minecraft:dark_oak_planks":84,"minecraft:arrow":35,"pointblank:ak47":2,"minecraft:hay_block":22,"minecraft:polished_blackstone":1,"minecraft:mutton":4,"minecraft:rail":3,"minecraft:white_wool":3,"minecraft:stripped_oak_log":5,"minecraft:glow_ink_sac":6,"minecraft:leather":32,"minecraft:acacia_wood":12,"minecraft:birch_planks":17,"minecraft:oak_log":46,"minecraft:lily_pad":2,"minecraft:gunpowder":53,"minecraft:cobblestone_wall":1,"projectvibrantjourneys:sea_oats":2,"minecraft:apple":20,"minecraft:iron_ingot":143,"minecraft:cooked_chicken":1,"minecraft:flowering_azalea":3,"minecraft:acacia_sapling":12,"minecraft:iron_sword":5,"projectvibrantjourneys:light_brown_bark_mushroom":1,"minecraft:pumpkin":1,"minecraft:dripstone_block":1,"minecraft:gravel":13,"minecraft:amethyst_shard":44,"minecraft:spruce_sapling":6,"minecraft:blast_furnace":3,"minecraft:white_bed":13,"minecraft:spider_eye":21,"minecraft:slime_ball":1,"minecraft:stone_axe":1,"minecraft:iron_helmet":6,"minecraft:baked_potato":34,"projectvibrantjourneys:orange_bark_mushroom":2,"minecraft:coal":230},"minecraft:killed":{"minecraft:cave_spider":6,"minecraft:spider":31,"alexsmobs:snow_leopard":1,"minecraft:skeleton":17,"minecraft:guardian":5,"minecraft:chicken":4,"ecologics:coconut_crab":1,"alexsmobs:centipede_head":1,"minecraft:pig":4,"minecraft:zombie_villager":2,"minecraft:creeper":11,"minecraft:sheep":3,"minecraft:zombie":64,"minecraft:cow":11,"hordes:zombie_player":2,"minecraft:phantom":12,"minecraft:horse":11,"minecraft:drowned":26},"minecraft:used":{"minecraft:iron_shovel":193,"minecraft:chest":8,"minecraft:shield":30,"minecraft:iron_sword":95,"beansbackpacks:metal_backpack":1,"minecraft:iron_chestplate":2,"alexsmobs:spawn_egg_orca":4,"minecraft:allium":1,"minecraft:tuff":3,"minecraft:iron_helmet":1,"minecraft:dark_oak_boat":3,"minecraft:furnace":9,"minecraft:egg":1,"minecraft:potato":152,"beansbackpacks:backpack":1,"minecraft:dark_oak_sapling":8,"minecraft:stone_pickaxe":29,"minecraft:oak_planks":127,"minecraft:wooden_pickaxe":3,"minecraft:golden_apple":40,"minecraft:blast_furnace":4,"comforts:sleeping_bag_blue":2,"minecraft:black_bed":8,"minecraft:bread":54,"ecologics:coconut_slice":4,"minecraft:diamond_sword":292,"minecraft:wooden_sword":22,"minecraft:dark_oak_fence":1,"minecraft:oak_boat":1,"minecraft:bone_meal":51,"max_armory:diamond_halberd":18,"minecraft:cooked_chicken":4,"minecraft:oak_door":2,"minecraft:torch":72,"minecraft:dirt":148,"minecraft:anvil":3,"minecraft:dark_oak_planks":17,"minecraft:iron_axe":247,"minecraft:oak_stairs":1,"minecraft:iron_boots":2,"comforts:sleeping_bag_white":2,"minecraft:cooked_beef":2,"minecraft:cobbled_deepslate":6,"minecraft:water_bucket":30,"minecraft:birch_planks":9,"minecraft:baked_potato":45,"minecraft:horse_spawn_egg":4,"minecraft:crafting_table":20,"minecraft:white_bed":5,"minecraft:smoker":1,"minecraft:wooden_hoe":89,"minecraft:diamond_pickaxe":774,"minecraft:iron_pickaxe":53,"minecraft:stone_axe":36,"minecraft:cobblestone":33,"minecraft:cooked_porkchop":4,"max_armory:diamond_katana":308,"minecraft:bucket":32}},"DataVersion":3465}