{
  "create:root": {
    "criteria": {
      "0": "2024-05-21 06:53:14 -0400"
    },
    "done": true
  },
  "minecraft:recipes/decorations/crafting_table": {
    "criteria": {
      "unlock_right_away": "2024-05-21 06:53:14 -0400"
    },
    "done": true
  },
  "betterdungeons:root": {
    "criteria": {
      "always": "2024-05-21 06:53:14 -0400"
    },
    "done": true
  },
  "farmersdelight:main/root": {
    "criteria": {
      "seeds": "2024-05-21 06:53:14 -0400"
    },
    "done": true
  },
  "minecraft:adventure/adventuring_time": {
    "criteria": {
      "minecraft:beach": "2024-05-21 06:54:06 -0400",
      "minecraft:plains": "2024-05-21 06:53:16 -0400"
    },
    "done": false
  },
  "DataVersion": 3465
}